id,kind,title,body,score,num_comments,permalink
1ud5bf4,post,Daily Discussion,"# Welcome to the [r/soccer](https://old.reddit.com/r/soccer) Daily Discussion!

# If you're new to the subreddit, remember to get your team badge [here](https://www.reddit.com/r/soccer/wiki/flair/) and to [read our rules and submission guidelines](https://old.reddit.com/r/soccer/wiki/rules#wiki_community_rules)!

# ✔️ This is a thread for:

* Discussion points that aren't worthy of their own thread.
* Asking small questions about football to the community.

# ❌ This is not a thread for:

* Trolling or baiting other users or fanbases - including flair-based attacks
* Shit-posting - including sharing shit-posts from elsewhere
* Toxicity - remember the human
* Off topic chat  - non-football discussion is for Free Talk Friday, and you can use the dedicated subreddits to discuss FIFA/EAFC games, Football Manager, fantasy football etc
* Discussion of ongoing matches - that is what match threads are for. We may be less strict for matches of teams that are less in the spotlight, and may not have as active match threads
* Harassment and brigading - including links to posts in other subreddits or to other users' comments
* Advice on betting - you may discuss outcomes of bets you have made, but we do not seek to actively encourage gambling
* Meta discussion - we have a strict stance. This is because it derails discussion, and can lead to harassment and witch hunts - and we prefer you to contact the mods via Modmail If you have queries over moderation or post removals. Some meta discussion may be allowed in the DDT, if any meta conversation was productive and in good faith - we can take a ""case by case approach"". In general, however Modmail remains the first port of call, and other meta discussion will be removed.
* Complaining about bans in this or other subreddits - use the relevant Modmail, instead

The moderation team will **remove** comments that violate those rules and **ban** offenders.

Please report comments you think that break such rules, but more than anything else, **remember the human**. The Internet is full of places to discuss football in bad faith. This community tries to be an exception.

# ⚽ Can't find a Match Thread?

* If you are using Old Reddit [click this link](https://old.reddit.com/r/soccer/search?q=flair%3Amatch%2Bthread+AND+NOT+flair%3Apost+AND+NOT+flair%3Apre&amp;restrict_sr=on&amp;sort=new&amp;t=day#res-hide-options).
* If you are using New Reddit you need to try [this other one.](https://new.reddit.com/r/soccer/search/?q=match%20thread&amp;restrict_sr=1&amp;sr_nsfw=&amp;sort=new)
* If you are using the official app [press here](https://new.reddit.com/r/soccer/search/?q=match%20thread&amp;restrict_sr=1&amp;sr_nsfw=&amp;sort=new) and sort by ""new"".
* If you are using a third-party app... ¯\\*(ツ)*/¯

If there's no Match Thread for the match you're watching you can:

* [Create one](https://www.reddit.com/r/soccer/wiki/matchthreads) yourself.
* Ask [/u/MatchThreadder](https://old.reddit.com/u/MatchThreadder) for one. You just need to send a PM to him with the subject ""Match Thread"" and the body ""Team A vs Team B"" (for example, ""Inter Milan vs. Udinese"") to get one from this great bot 🤖

# 🔗 Other useful quick links:

📺 [**Recent match highlights**](https://www.reddit.com/r/soccer/?f=flair_name%3A%22Media%22&amp;sort=new)

👀 [**The List**](https://www.reddit.com/r/soccer/wiki/thelist/): a community curated collection of most infamous r/soccer headlines...

🤔 [**What to Watch**](https://www.reddit.com/r/soccer/search?sort=new&amp;restrict_sr=on&amp;q=flair%3A%F0%9F%93%BAWhat%2Bto%2BWatch): quick but extremely-useful guides of upcoming matches.

📜 [**Related Subreddits**](https://www.reddit.com/r/soccer/wiki/relatedsubreddits/): if r/soccer is not hitting the spot.

👩 [**Women's Football**](https://www.reddit.com/r/soccer/search?sort=new&amp;restrict_sr=on&amp;q=flair%3AWomens%2BFootball): for women's football content.

⭐ [**Star Posts**](https://www.reddit.com/r/soccer/search?sort=new&amp;restrict_sr=on&amp;q=flair%3A%E2%AD%90%2BStar%2BPost): the original content by those users that give their best to our community.

*This thread is posted every 23 hours to give it a different start time each day.*",40,2382,https://www.reddit.com/r/soccer/comments/1ud5bf4/daily_discussion/
ot95yo2,comment,,"Daily Squadify/Man Mark posts. Reply to the respective comment to follow.

*I am a bot, and this action was performed automatically. Please [contact the moderators of this subreddit](/message/compose/?to=/r/soccer) if you have any questions or concerns.*",1,0,https://www.reddit.com/r/soccer/comments/1ud5bf4/daily_discussion/ot95yo2/
otfl43z,comment,,"I’m seeing so much Anderson hate for no reason, he usually doesn’t recycle the ball or pass it sideways but when everyone else is a human statue during build up there’s not much he can do ",1,0,https://www.reddit.com/r/soccer/comments/1ud5bf4/daily_discussion/otfl43z/
otfkzfr,comment,,In r/soccer you can observe the hypocrisy of praising Djed Spence of not shaking hands with Partey then the same people glazing Ronaldo with goat shouts. Says how hypocrite this place can be. I guess being at the very top for some years does wonders for one :(,1,0,https://www.reddit.com/r/soccer/comments/1ud5bf4/daily_discussion/otfkzfr/
otfkrck,comment,,Ghana will win the World Cup purely on the strength of witch doctors,1,0,https://www.reddit.com/r/soccer/comments/1ud5bf4/daily_discussion/otfkrck/
otfkhrd,comment,,"So I’ve been amused by Kovacic’s boots for the past few months due to their generic PS2 era FIFA-ness. Today I learned they are Mizuno’s fully blacked out so as to not screw up his Puma contract. 

Also, apparently City bootmen did the blacking out and farmed out the stud replacement for a secondary pair for the World Cup which surprised me a bit as I assumed the national team would be in control of all of that. Though I suppose it benefits City to stay in Puma’s good graces.",1,0,https://www.reddit.com/r/soccer/comments/1ud5bf4/daily_discussion/otfkhrd/
otfkbui,comment,,r/worldcup is out jerking soccercirclejerk without even trying. Those guys don’t know how good they are at it without trying. ,1,0,https://www.reddit.com/r/soccer/comments/1ud5bf4/daily_discussion/otfkbui/
otfka1z,comment,,How different would football be if there was no offside? Would you jsut have one striker standing in the box at all times? ,1,0,https://www.reddit.com/r/soccer/comments/1ud5bf4/daily_discussion/otfka1z/
otfkyjo,comment,,"You'd just have defenders sitting much deeper, which inevitably leads to a lot more space in midfield - so a lot more time on the ball and a lot more running end to end and games being quite a bit more open.",1,0,https://www.reddit.com/r/soccer/comments/1ud5bf4/daily_discussion/otfkyjo/
otfkpcr,comment,,"midfield would be almost non existent, possession wouldn't be as important, there would be more space for individual skill like dribbling, but at the same time teams would be scared to attack with a lot of players",1,0,https://www.reddit.com/r/soccer/comments/1ud5bf4/daily_discussion/otfkpcr/
otficlg,comment,,Some proper stinkers this round after the first gameweek - I guess it was always bound to happen as the standings get tighter,1,0,https://www.reddit.com/r/soccer/comments/1ud5bf4/daily_discussion/otficlg/
otfhi9b,comment,,"Hate being the celebration police, especially for a team I’m supporting, but I’m just not convinced by our defense.

Dias, Mendes, and Costa are genuinely world class on their day, but Veiga is too error prone for my taste, and you can just tell he’s a step below our best defenders. He missed a header clearance and gave the Uzbeks a free counter. Cancelo also is an amazing attacker but sort of infamous for getting exposed defensively.

On top of that, the Colombian attack is just significantly better than Uzbekistan or the DRC, easily 3rd best in North/South America.

I kinda wanted to see Nunes start this game because he’s proven to be a pretty solid defender in a more physical and competitive league. I don’t think we can risk Cancelo against teams like France or Argentina, although to be fair he’s probably a better playmaker than any of our wingers.",1,0,https://www.reddit.com/r/soccer/comments/1ud5bf4/daily_discussion/otfhi9b/
otfg7av,comment,,"It's probably just confirmation bias but I've seen like 5 instances in this tournament where a player from an underdog nation gets into the box with some space and just refuses to take a shot or make a cross, saw a panama player do it like 10 minutes ago, haiti were terrible about it too.",1,0,https://www.reddit.com/r/soccer/comments/1ud5bf4/daily_discussion/otfg7av/
otfeny3,comment,,"I have to say, VAR correcting corners/goal kicks but only doing so like half the time and letting the wrong call stand other times is a complete joke. It wasn’t even a 1 time mistake",7,0,https://www.reddit.com/r/soccer/comments/1ud5bf4/daily_discussion/otfeny3/
otfd6sb,comment,,"What would actually be a failure for English fans? Seems consensus is that this squad has as good a chance as any. Is it win or bust, or are there certain teams (France, Spain, etc) where losing to them would be disappointing but accepted? ",2,0,https://www.reddit.com/r/soccer/comments/1ud5bf4/daily_discussion/otfd6sb/
otfhvaz,comment,,Football simply needs to come home. Anything less is unacceptable.,1,0,https://www.reddit.com/r/soccer/comments/1ud5bf4/daily_discussion/otfhvaz/
otffd5b,comment,,Losing to the first big team we face. If we at least beat a top team on the journey but then don’t win it all that’s fine.,3,0,https://www.reddit.com/r/soccer/comments/1ud5bf4/daily_discussion/otffd5b/
otffb0y,comment,,"Failure is not winning, these players are good enough to win it, we’ve brought in a very high profile manager and he’s the 2nd best paid at the tournament

Not saying we’re favourites and should definitely win but winning it is a realistic aim for this group we’re not one of the minnows just happy to be here",4,0,https://www.reddit.com/r/soccer/comments/1ud5bf4/daily_discussion/otffb0y/
otff9q1,comment,,"Losing to anyone outside of France, Spain and maybe Germany would be poor.",1,0,https://www.reddit.com/r/soccer/comments/1ud5bf4/daily_discussion/otff9q1/
otff6t9,comment,,Not winning ,1,0,https://www.reddit.com/r/soccer/comments/1ud5bf4/daily_discussion/otff6t9/
otfek4e,comment,,I think whether 'failure' is accepted depends on how they lose to a big team. Their losses to France and Spain in the last 2 tournaments were a lot more acceptable than how they lost to Italy in 2021.,1,0,https://www.reddit.com/r/soccer/comments/1ud5bf4/daily_discussion/otfek4e/
otffcdv,comment,,Lol what we were dreadful against Spain in 2024.,1,0,https://www.reddit.com/r/soccer/comments/1ud5bf4/daily_discussion/otffcdv/
otfgnht,comment,,I think the fact that England was dreadful throughout the whole campaign meant the loss to a significantly better footballing team in the final was accepted. There was so much frustration at the football over the month that people were too tired to moan over the Spain game.,1,0,https://www.reddit.com/r/soccer/comments/1ud5bf4/daily_discussion/otfgnht/
otfhetz,comment,,Oh ok I get you,1,0,https://www.reddit.com/r/soccer/comments/1ud5bf4/daily_discussion/otfhetz/
otfg9wm,comment,,"We were dogshit all of that tournament, 2022 england was so much better ",4,0,https://www.reddit.com/r/soccer/comments/1ud5bf4/daily_discussion/otfg9wm/
otfdwt8,comment,,"Win or bust for me, there’s genuinely not a single team I’d be comfortable losing to",2,0,https://www.reddit.com/r/soccer/comments/1ud5bf4/daily_discussion/otfdwt8/
otfeh65,comment,,I like it. Caveating is for wusses.,2,0,https://www.reddit.com/r/soccer/comments/1ud5bf4/daily_discussion/otfeh65/
otfgoa7,comment,,"I can’t imagine being English and not feeling the same way. I maybe get why people look past the flaws in France’s squad but every other team is blatantly just worse

Just think the stars have aligned and if we don’t win this we’ve got no fucking hope",1,0,https://www.reddit.com/r/soccer/comments/1ud5bf4/daily_discussion/otfgoa7/
otfc2zl,comment,,We don't think the big teams are being favoured so far are we? Naaah.,3,0,https://www.reddit.com/r/soccer/comments/1ud5bf4/daily_discussion/otfc2zl/
otfd5kz,comment,,we've had like three pens not given to us,4,0,https://www.reddit.com/r/soccer/comments/1ud5bf4/daily_discussion/otfd5kz/
otfcbjv,comment,,every big team but france it seems😭,9,0,https://www.reddit.com/r/soccer/comments/1ud5bf4/daily_discussion/otfcbjv/
otfbthu,comment,,"Ronaldo scoring against with all due respect uzbekistan says absolutely nothing, he will get smoked by any team with a solid defense. ",0,0,https://www.reddit.com/r/soccer/comments/1ud5bf4/daily_discussion/otfbthu/
otfffxd,comment,,"Lmao you can’t win at this point. If he scored against Congo you would say the same thing.

Also this logic works for other players no? Bruno and Vitinha had stinkers against Congo but showed today",5,0,https://www.reddit.com/r/soccer/comments/1ud5bf4/daily_discussion/otfffxd/
otfeqbd,comment,,Let the old man have his day in the sun,4,0,https://www.reddit.com/r/soccer/comments/1ud5bf4/daily_discussion/otfeqbd/
otfcqyh,comment,,Honestly man who cares,8,0,https://www.reddit.com/r/soccer/comments/1ud5bf4/daily_discussion/otfcqyh/
otfb5o5,comment,,"Useless socially malfunctioning gooner Kier Starmer's government  - 1 England World Cup win

Essentially the prelude to top toffee Andy Burnham's government - 0 England World Cup wins

Come back my toolmakers son, I thought you were going to bunker down and make them pry those compo world cup final tix from your cold dead hands.",8,0,https://www.reddit.com/r/soccer/comments/1ud5bf4/daily_discussion/otfb5o5/
otfgyo8,comment,,"Starmer delivered an Arsenal title, insane to sack him before the World Cup is over just in case he could do the same for England ",1,0,https://www.reddit.com/r/soccer/comments/1ud5bf4/daily_discussion/otfgyo8/
otfaoij,comment,,Wow lost my bet cause England couldn’t score 1 measly goal. Dammit! LOL I was never so confident in any bet ever I for sure thought I’d have it ,4,0,https://www.reddit.com/r/soccer/comments/1ud5bf4/daily_discussion/otfaoij/
otfacc9,comment,,Side note: where does the term stonewall pen come from? Growing up I think I thought people were saying Stone dead penalty like as in unquestionable? Where does the walling come in?,5,0,https://www.reddit.com/r/soccer/comments/1ud5bf4/daily_discussion/otfacc9/
otfdika,comment,,John Penalty threw the first brick at Stonewall,9,0,https://www.reddit.com/r/soccer/comments/1ud5bf4/daily_discussion/otfdika/
otfbugt,comment,,https://twistedblood.wordpress.com/2011/10/14/on-the-origin-of-cliches-stonewall/,5,0,https://www.reddit.com/r/soccer/comments/1ud5bf4/daily_discussion/otfbugt/
otfev7q,comment,,"'the incorporation of the phrase into the language of football is often attributed to notorious referee Gulliver Wahl, who was legendary in the late nineteenth century for his maverick approach to officiating. Described by one contemporary as “perhaps six-and-a-half feet tall, with the temperament of a bear, the voice of an avalanche, and a moustache that could happily house a dragoon of Teutonic hussars, and their horses”, he terrorised players, fans, and occasionally equipment throughout a long and remarkable career. On one notable occasion Wahl dismissed two players for adopting “an inappropriately insouciant attitude” to kick-off, while on another, a particularly fraught corner ended with him booking the left-hand goalpost for obstruction. It is not difficult to imagine how the implacable, stony Mr Wahl might have inspired one local reporter to pluck an obscure word from a dusty shelf, brush it down, and send it back into the world, there to give expression to the outrage of generations to come'

apparently Chaucer used it too but it is a bit olde english ...that is hilarious that he booked a goal post",3,0,https://www.reddit.com/r/soccer/comments/1ud5bf4/daily_discussion/otfev7q/
otfa2wz,comment,,You could see how pissed off Tuchel was at the end which is pretty good at least,8,0,https://www.reddit.com/r/soccer/comments/1ud5bf4/daily_discussion/otfa2wz/
otf91y7,comment,,What pub are the English fans singing at Boston tonight? Elephant in the Castle is quite empty.,3,0,https://www.reddit.com/r/soccer/comments/1ud5bf4/daily_discussion/otf91y7/
otfafl1,comment,,My bad. Its Elephant and the castle 😆,2,0,https://www.reddit.com/r/soccer/comments/1ud5bf4/daily_discussion/otfafl1/
otfbx77,comment,,😂 damn i did not know that!,2,0,https://www.reddit.com/r/soccer/comments/1ud5bf4/daily_discussion/otfbx77/
otf8xpo,comment,,Djed Spence avoiding Partey's hand being right below Ronaldo's 'I'm Back' thread is a special type of irony,7,0,https://www.reddit.com/r/soccer/comments/1ud5bf4/daily_discussion/otf8xpo/
otf8n0e,comment,,That was almost as bad as watching spurs. ,2,0,https://www.reddit.com/r/soccer/comments/1ud5bf4/daily_discussion/otf8n0e/
otf8dvx,comment,,That result was inevitable. Never seen so many happy English fans in the DD as the past week. Still fancy them to go very far.,9,0,https://www.reddit.com/r/soccer/comments/1ud5bf4/daily_discussion/otf8dvx/
otf8dqn,comment,,"England's solution is always blunt force. Another wide delivery, another corner, another speculative effort. Is it fair to say they dont have inventive players? I suppose Eze and Rogers are but not everyone can come off the bench as effectively as Undav",10,0,https://www.reddit.com/r/soccer/comments/1ud5bf4/daily_discussion/otf8dqn/
otfcnzg,comment,,"There’s not much else you can do against a well organised low block, look at Arsenal vs PSG a few weeks ago. That PSG midfield is full of the sort of profiles people say england lack and has far better wide players than gordon and madueke ",4,0,https://www.reddit.com/r/soccer/comments/1ud5bf4/daily_discussion/otfcnzg/
otfcnf9,comment,,They dont really have players for small spaces,2,0,https://www.reddit.com/r/soccer/comments/1ud5bf4/daily_discussion/otfcnf9/
otfb3om,comment,,We don’t and never have. Wilshere was the chosen one,3,0,https://www.reddit.com/r/soccer/comments/1ud5bf4/daily_discussion/otfb3om/
otf98ui,comment,,"Not sure I'd describe Undav as inventive tbf, he's basically the fox in the box who pounces on half-chances with deadly precision - in much the same way Kane probably scores 8/10 chances on the volley he got there late on.",4,0,https://www.reddit.com/r/soccer/comments/1ud5bf4/daily_discussion/otf98ui/
otf8p93,comment,,Another reason Wharton should've been called up ,3,0,https://www.reddit.com/r/soccer/comments/1ud5bf4/daily_discussion/otf8p93/
otf6w5l,comment,,Feels like I’ve teleported back to 2014 with all the Ronaldo Messi flamewars online,12,0,https://www.reddit.com/r/soccer/comments/1ud5bf4/daily_discussion/otf6w5l/
otf7oxx,comment,,This one is last one. Two weeks and that will be the end of it. Think both go out around QF.,6,0,https://www.reddit.com/r/soccer/comments/1ud5bf4/daily_discussion/otf7oxx/
otf844u,comment,,"Lol. It’ll never end. Knowing those two dictators, they’ll be in the next international tournament.",5,0,https://www.reddit.com/r/soccer/comments/1ud5bf4/daily_discussion/otf844u/
otf66ya,comment,,"Genuinely hilarious how Konsa flew in on the Ghanaian forward. Looked a pen in real time, but refs have been letting things go, just have absolutely no clue how VAR clears that so quickly. Not sure if it was even checked ",8,0,https://www.reddit.com/r/soccer/comments/1ud5bf4/daily_discussion/otf66ya/
otf9uv0,comment,,"The ref held the restart for a second, so they were clearly talking it over, but I have no idea how they decided it was nothing",1,0,https://www.reddit.com/r/soccer/comments/1ud5bf4/daily_discussion/otf9uv0/
otf8dl8,comment,,I also thought Pickford's challenge where he came out of the box was questionable- I think its fair as neither guy was in possession even though Ghana played the through ball but in other respects I felt like Pickford impeded the Ghaniain player far more than he got fouled.,2,0,https://www.reddit.com/r/soccer/comments/1ud5bf4/daily_discussion/otf8dl8/
otfcoyo,comment,,"It’s a 50/50, they’ve both gone flying in and you can’t side with the attacker there unless keeper takes his head off or something. Konsa one was mental though",-2,0,https://www.reddit.com/r/soccer/comments/1ud5bf4/daily_discussion/otfcoyo/
otf85ie,comment,,"&gt; Not sure if it was even checked

They're all checked tbf.",0,0,https://www.reddit.com/r/soccer/comments/1ud5bf4/daily_discussion/otf85ie/
otf9mhg,comment,,There’s a difference between looking at one replay and properly checking ,0,0,https://www.reddit.com/r/soccer/comments/1ud5bf4/daily_discussion/otf9mhg/
otf9u01,comment,,"Yes, and VAR properly checks all the decisions a ref makes within the framing of the rules - see also that corner Ghana got after Reece James miscontrolled the ball over the goal line.

Like VAR has been part of the game for the better part of a decade now, and it's not *fundamentally* changed in terms of what they look at. So why are we questioning whether that situation was actually checked when it quite obviously was?",0,0,https://www.reddit.com/r/soccer/comments/1ud5bf4/daily_discussion/otf9u01/
otf6wje,comment,,"I thought it would have been a foul in the build up tbh, but yeah odd.",2,0,https://www.reddit.com/r/soccer/comments/1ud5bf4/daily_discussion/otf6wje/
otfg56z,comment,,I feel delighted that someone else gets it. ,1,0,https://www.reddit.com/r/soccer/comments/1ud5bf4/daily_discussion/otfg56z/
otf5vik,comment,,Fyi Anthony Gordon was playing like that for the majority of the season. The lad is utter dogshite vs lowblocks and I'm so glad I don't have to watch him go against them next season.,14,0,https://www.reddit.com/r/soccer/comments/1ud5bf4/daily_discussion/otf5vik/
otff7wt,comment,,"On a personal level, he seems like a hardworking guy who will give it his all playing for Barcelona. I don't think his actual talent measures up to someone like Rashford, let alone a starting winger for Barcelona.",1,0,https://www.reddit.com/r/soccer/comments/1ud5bf4/daily_discussion/otff7wt/
otf8sii,comment,,He looked a bit lightweight out there on the left,1,0,https://www.reddit.com/r/soccer/comments/1ud5bf4/daily_discussion/otf8sii/
otf5qts,comment,,That game was crying out for Adam Wharton ,8,0,https://www.reddit.com/r/soccer/comments/1ud5bf4/daily_discussion/otf5qts/
otf6ucw,comment,,"It was crying out for any fucker who could actually draw defenders out the box in midfield, or any fullback/winger who’s capable of overlapping to draw a defender out of the box.

Ghana were literally just chilling waiting for us to send a ball in",6,0,https://www.reddit.com/r/soccer/comments/1ud5bf4/daily_discussion/otf6ucw/
otfbyxc,comment,,"genuinely what was tuchel’s tactics, why did both the fbs weren’t overlapping and instead stuck between the wingers and cbs? i really think it’s something tactical rather than individually.",1,0,https://www.reddit.com/r/soccer/comments/1ud5bf4/daily_discussion/otfbyxc/
otf55kw,comment,,This is your reminder that Yuto Nagatomo is part of the Japan squad.,7,0,https://www.reddit.com/r/soccer/comments/1ud5bf4/daily_discussion/otf55kw/
otf6g6h,comment,,"Peak banter era inter player, up there with ranochia and dambrosio",2,0,https://www.reddit.com/r/soccer/comments/1ud5bf4/daily_discussion/otf6g6h/
otf4no3,comment,,"Today I got the feeling that Tuchel would have happily knocked every single player out in the dressing room if he could. He looked absolutely furious when the game ended, and that smile at the end was clearly one of pure anger, lol.",5,0,https://www.reddit.com/r/soccer/comments/1ud5bf4/daily_discussion/otf4no3/
otf4i88,comment,,Wtf is this bracket we might finish 1st and then face Morocco in the worst case scenario we might go out in the RO32 wtf man,6,0,https://www.reddit.com/r/soccer/comments/1ud5bf4/daily_discussion/otf4i88/
otf9wkl,comment,,"You would win against Morocco, for sure",0,0,https://www.reddit.com/r/soccer/comments/1ud5bf4/daily_discussion/otf9wkl/
otf4rsj,comment,,"Morocco like most African teams this tournament seem to be good for a goal a game, so as long as you can score more than one (easier said than done tbf) you should be okay",1,0,https://www.reddit.com/r/soccer/comments/1ud5bf4/daily_discussion/otf4rsj/
otf5k5w,comment,,"That's not my point really, every team that ends up 1st get to face Gibraltar or something and we get this",4,0,https://www.reddit.com/r/soccer/comments/1ud5bf4/daily_discussion/otf5k5w/
otf49l3,comment,,"Some big lessons for tommy tactics tonight, i think one is maybe how well they know the team they're against. I think tonight they got it wrong with how Ghana would set up, didnt expect them to be so deep as physical as they were, expected a lot more use on Semenyo as an outlet. ",6,0,https://www.reddit.com/r/soccer/comments/1ud5bf4/daily_discussion/otf49l3/
otf43gu,comment,,I know this topic is beaten to death but it’s still wild to me Tuchel didn’t pick Foden or Palmer even if they weren’t performing. They are different profile that the squad is lacking ,-5,0,https://www.reddit.com/r/soccer/comments/1ud5bf4/daily_discussion/otf43gu/
otf78fj,comment,,Foden who has never ever been good for England?,2,0,https://www.reddit.com/r/soccer/comments/1ud5bf4/daily_discussion/otf78fj/
otf60v9,comment,,Tuchel has clearly prioritised squad harmony as well as his system when picking the squad. Picking two players in Foden and Palmer (as well as Alexander-Arnold) who don’t fit into how he wants to play and think they should be starting every game isn’t conductive to either of those things.,9,0,https://www.reddit.com/r/soccer/comments/1ud5bf4/daily_discussion/otf60v9/
otfj7k1,comment,,"That’s not really fair to Foden imo. He rarely played for City for most of the season and never really made a peep, publicly at least, that I can remember. 

Not saying he should’ve been called as I really don’t care because I’m not English, I just don’t think he’d throw the toys out of the pram if unused.",1,0,https://www.reddit.com/r/soccer/comments/1ud5bf4/daily_discussion/otfj7k1/
otf5qym,comment,,"I play differently to players like J Henderson, was I deserving of a callup too ",3,0,https://www.reddit.com/r/soccer/comments/1ud5bf4/daily_discussion/otf5qym/
otf59a1,comment,,Do you really seriously truly genuinely actually honestly think Foden would have had any impact this game? Really?,7,0,https://www.reddit.com/r/soccer/comments/1ud5bf4/daily_discussion/otf59a1/
otf6hhx,comment,,Foden who constantly played against low blocks for years? Yeah,-1,0,https://www.reddit.com/r/soccer/comments/1ud5bf4/daily_discussion/otf6hhx/
otf72ci,comment,,All these England players have played against low blocks.,5,0,https://www.reddit.com/r/soccer/comments/1ud5bf4/daily_discussion/otf72ci/
otf7tmr,comment,,And  Foden and Palmer are levels ahead of Gordon and Madueke in that regard. ,0,0,https://www.reddit.com/r/soccer/comments/1ud5bf4/daily_discussion/otf7tmr/
otf8qxq,comment,,"And you'd get, what, 40 minutes across two games out of them at best when that's where they excel? Not exactly a great use of a spot in the squad when you're looking to play eight games, and doubly so considering at least one of them will be a group stage game that isn't particularly meaningful in the grand scheme of things.",3,0,https://www.reddit.com/r/soccer/comments/1ud5bf4/daily_discussion/otf8qxq/
otfacd8,comment,,"I never said both, the idea that his squad is missing a creative midfielder it doesn’t matter who fills the role. what’s wrong with that? You don’t need to use every player to every game to get a value out of. ",1,0,https://www.reddit.com/r/soccer/comments/1ud5bf4/daily_discussion/otfacd8/
otfb1n4,comment,,"Which one would you take, who would you leave out, and how often would they *really* be of use? Because Gordon and Madueke are quite clearly important parts of the plan, and they'll both see plenty of playing time across the tournament. 

Would Foden or Palmer see more than an hour on the pitch, especially in games that actually matter? I don't see it - we can all sit here and claim the Ghana game would've ended differently if one of them was subbed on, but then that'd have been 30 minutes in a group stage game that didn't really matter, while they'd have been mostly useless/a human victory cigar in the knockouts, while Madueke/Gordon will have an impact there.",1,0,https://www.reddit.com/r/soccer/comments/1ud5bf4/daily_discussion/otfb1n4/
otf5sao,comment,,They watched that video of him scoring against some builders on a campsite and started punching air at the idea of him missing out.,3,0,https://www.reddit.com/r/soccer/comments/1ud5bf4/daily_discussion/otf5sao/
otf5867,comment,,Form not good enough and i think Palmer needs a bloody rest,2,0,https://www.reddit.com/r/soccer/comments/1ud5bf4/daily_discussion/otf5867/
otf4lhi,comment,,"Foden has always been smelly for England, the idea he was gonna come on tonight and do anything but be a black hole for possession is total fantasy.",9,0,https://www.reddit.com/r/soccer/comments/1ud5bf4/daily_discussion/otf4lhi/
otf4hd1,comment,,"They're also the profiles he didn't *want* for his approach. 

He's been appointed with one goal and one goal only: Win the World Cup. Doesn't matter how the vibes are or who gets frozen out or whether the fans like him or whether he's bringing through young players, he's not building towards anything, he's just there to maximise the chances of winning. And he has a clear idea on how to do that where neither Foden nor Palmer fit. 

England have about 40 players who could've reasonably been part of the squad here, and at this point I reckon it's a bit silly going for what-ifs about the 25th best player in the squad and how they'd have made a difference.",3,0,https://www.reddit.com/r/soccer/comments/1ud5bf4/daily_discussion/otf4hd1/
otf5g4m,comment,,"I don’t know, he spoke glowingly of Palmer many times in the lead up to picking the squad. I think for sure he has an idea of how he wants to play, but don’t see how Eze fits that any more than Palmer. Ultimately his poor form cost him, but I still would’ve brought him over an Eze for example ",1,0,https://www.reddit.com/r/soccer/comments/1ud5bf4/daily_discussion/otf5g4m/
otf675z,comment,,I’m sure he would have picked Palmer as a profile of player if his form/fitness was better.,2,0,https://www.reddit.com/r/soccer/comments/1ud5bf4/daily_discussion/otf675z/
otfcquo,comment,,"them why in god’s name is mgw not picked. 

seriously i get palmer and honestly think he needs a bloody rest but mgw should have been on the plane.",1,0,https://www.reddit.com/r/soccer/comments/1ud5bf4/daily_discussion/otfcquo/
otf60yq,comment,,"Eze can effectively play across the three behind Kane, while Palmer would've been a third-choice number 10 I reckon - Tuchel basically opted for flexibility there I reckon.",1,0,https://www.reddit.com/r/soccer/comments/1ud5bf4/daily_discussion/otf60yq/
otf6ndx,comment,,"Eze would be about as good on the right as Palmer is on the left, which imo makes that redundant. You might be right but I think it’d be flawed reasoning. I think simply Palmer stunk it up in the March friendlies and that was that ",2,0,https://www.reddit.com/r/soccer/comments/1ud5bf4/daily_discussion/otf6ndx/
otf402q,comment,,Today is the day the world cup was decided. In 2018 I thought Spain would win until I watched France draw 0-0 with Denmark as was 100% certain they would win. Today I watched England play and became 100% certain they would win this tournament as well ,8,0,https://www.reddit.com/r/soccer/comments/1ud5bf4/daily_discussion/otf402q/
otf9vwy,comment,,It's coming home.,0,0,https://www.reddit.com/r/soccer/comments/1ud5bf4/daily_discussion/otf9vwy/
otfa34j,comment,,"It's already gome mate, just another 3 or 4 weeks of formalities ",1,0,https://www.reddit.com/r/soccer/comments/1ud5bf4/daily_discussion/otfa34j/
otfb5wd,comment,,Indeed!,0,0,https://www.reddit.com/r/soccer/comments/1ud5bf4/daily_discussion/otfb5wd/
otf3yzr,comment,,"What the fuck is going on with injury time at this tournament as well btw? Big injury break, hydration break and loads of subs and time wasting and only 6 gets added on AND then Ghana make a sub in the 94th min, wasting a whole minute and the ref blows up bang on 96? Not the first game it’s happened in either. Loads of comically low added time and refs clearly not adding extra time on. Why do they chose the biggest competition in the world to decide to randomly change how they’re going to enforce the rules? ",15,0,https://www.reddit.com/r/soccer/comments/1ud5bf4/daily_discussion/otf3yzr/
otf51py,comment,,"I think this happens a lot at international tournaments (including club continental tournaments), except 2022 when there was clearly a direction from FIFA to the refs to play out the right amount of time. I think there are some countries where this must just be the norm.",3,0,https://www.reddit.com/r/soccer/comments/1ud5bf4/daily_discussion/otf51py/
otf6eb9,comment,,2022 was perfect,2,0,https://www.reddit.com/r/soccer/comments/1ud5bf4/daily_discussion/otf6eb9/
otf4sxk,comment,,"Get a lot less time being wasted than in any regular game tbf, because nobody's delaying restarts and substitutions are a lot quicker and all that. 

It feels a bit weird, but also honestly I don't think it's that poor really.",2,0,https://www.reddit.com/r/soccer/comments/1ud5bf4/daily_discussion/otf4sxk/
otf3v1g,comment,,"Thinking about how in kids anime there is always a rich friend who pays for everyone's trip, that's how I can fathom someone following all their country's games",4,0,https://www.reddit.com/r/soccer/comments/1ud5bf4/daily_discussion/otf3v1g/
otf90t7,comment,,They’re all AI,1,0,https://www.reddit.com/r/soccer/comments/1ud5bf4/daily_discussion/otf90t7/
otf3r55,comment,,"Bringing Eze is just bizarre if he’s that far back in the number 10/left winger pecking order. 

If it’s a small cameo like today where you just need a goal, foden or palmer are just better and the guys shit at pens too. ",4,0,https://www.reddit.com/r/soccer/comments/1ud5bf4/daily_discussion/otf3r55/
otf4080,comment,,"Tbf, he also brought in Rogers, Saka and Rashford and play improved",7,0,https://www.reddit.com/r/soccer/comments/1ud5bf4/daily_discussion/otf4080/
otf3md3,comment,,"love jude down, but how on earth did he get motm😭 ",7,0,https://www.reddit.com/r/soccer/comments/1ud5bf4/daily_discussion/otf3md3/
otf3ir9,comment,,"Only concern with the Ghana game is that Tuchel clearly wanted the win, with his aggressive substitutions and general vibe in the dugout. Southgate was happy to sit on a draw in the group stage when it guaranteed progression, it's mildly concerning when the manager wants the win but can't get it. ",5,0,https://www.reddit.com/r/soccer/comments/1ud5bf4/daily_discussion/otf3ir9/
otf35zv,comment,,"Gordon, Madueke, and two fullbacks who can't overlap against a low block. And they say Germans don't have a sense of humor.",7,0,https://www.reddit.com/r/soccer/comments/1ud5bf4/daily_discussion/otf35zv/
otf2y6g,comment,,"Jude Bellingham has to be the weirdest player profile I've seen in my life. He's neither a pure 8 like Scholes/Lampard/Gerrard despite having better feet than all 3 and he clearly isn't a pure ""magic man"" #10 either. He's talented enough to do a job in almost any position you play him but he doesn't really have a true position yet where he actually dominates matches.",9,0,https://www.reddit.com/r/soccer/comments/1ud5bf4/daily_discussion/otf2y6g/
otf9nmg,comment,,"Jude in theory has some of the traits that made Pogba and Yaya such unique talents, but he doesn’t have the passing range or magic of either of them.",2,0,https://www.reddit.com/r/soccer/comments/1ud5bf4/daily_discussion/otf9nmg/
otf7c7l,comment,,"He's a world class version of Elias, but I'm afraid most people here don't know ball like that",3,0,https://www.reddit.com/r/soccer/comments/1ud5bf4/daily_discussion/otf7c7l/
otf4ak5,comment,,"He's an 8 but he got the reputation of a goalscoring 10 and can't seem to shake the tag

And honestly, against the big sides that'll actually be good for us, because Rice and Anderson behind him makes sense

For games like today though he had to either be alongside Rogers advanced or dropping deeper for him and sit next to rice ",4,0,https://www.reddit.com/r/soccer/comments/1ud5bf4/daily_discussion/otf4ak5/
otf7kz0,comment,,"Thing I'd be slightly scared about (especially in games like this) when it comes to playing him deeper and next to Rice is the Gerrard/Lampard conundrum - basically them being a surprisingly similar type of players with slightly different strengths, neither of whom really is that metronomic passer who's just happy sitting a bit deeper and moving the ball around safely to create openings. They both love a rush forward, they're both physical, they both can put their stamp on games in slightly different areas of the pitch, but their skillsets aren't really additive when playing next to each other. 

In a game like tonight that *might* help unlock Ghana, but it just as well might lead to being too open on the break and ultimately conceding. And rolling the dice like that in just the second group game doesn't strike me as a sensible decision, especially when the entire side isn't quite on it. 

Because for me that was the real problem with England tonight: It was all a bit ponderous, it lacked incisiveness, and I'm not sure you'll fix that with Bellingham/Rice at the base of midfield.",1,0,https://www.reddit.com/r/soccer/comments/1ud5bf4/daily_discussion/otf7kz0/
otf46ns,comment,,He's just not a very good player unfortunately ,-1,0,https://www.reddit.com/r/soccer/comments/1ud5bf4/daily_discussion/otf46ns/
otf45tg,comment,,Real championship manager heads recognise a diablo when they see one,3,0,https://www.reddit.com/r/soccer/comments/1ud5bf4/daily_discussion/otf45tg/
otf43x4,comment,,"People will scoff, but I think the closest top player in the past of his style is Zidane. Decent but not spectacular passing range, decent but not OMG long range shots every week, very good dribbling and ball control and positioning. He’s a very intelligent player if how he moves which is why he pops up with key goals and assists often for club and country. But he often goes missing when a game needs dragging up. If Zidane was around now he wouldn’t get the same praise he did then, people look at different things from a player in his position to rate him so highly. And I think that’s where Bellingham gets criticism from too.",6,0,https://www.reddit.com/r/soccer/comments/1ud5bf4/daily_discussion/otf43x4/
otf4nbr,comment,,Zidane is one of the best passers of all time.,0,0,https://www.reddit.com/r/soccer/comments/1ud5bf4/daily_discussion/otf4nbr/
otf4r9s,comment,,Hard disagree. in terms of range anyway.,3,0,https://www.reddit.com/r/soccer/comments/1ud5bf4/daily_discussion/otf4r9s/
otf3mug,comment,,He has the ability to be a pure 8 but wants to be Zidane.,5,0,https://www.reddit.com/r/soccer/comments/1ud5bf4/daily_discussion/otf3mug/
otf3hrv,comment,,"He was a box to box midfielder during his time at Dortmund. All the Gerrard comparissons made sense.

Than he had his crazy goal scoring season at Madrid. ",7,0,https://www.reddit.com/r/soccer/comments/1ud5bf4/daily_discussion/otf3hrv/
otf3f60,comment,,"Weird, I actually think he is quite similar to Lampard.",2,0,https://www.reddit.com/r/soccer/comments/1ud5bf4/daily_discussion/otf3f60/
otf5x8f,comment,,Lampard is a way better passer of the ball. They’re not similar stylistically other than both timing their runs well ,5,0,https://www.reddit.com/r/soccer/comments/1ud5bf4/daily_discussion/otf5x8f/
otf397j,comment,,He's an 8.,4,0,https://www.reddit.com/r/soccer/comments/1ud5bf4/daily_discussion/otf397j/
otf2scr,comment,,"Btw, Gordon stinks against low blocks in the Prem too, so I don't know what he would offer Barcelona against a proper La Liga low block",13,0,https://www.reddit.com/r/soccer/comments/1ud5bf4/daily_discussion/otf2scr/
otf9aqn,comment,,Saka offered ten times more even in spite of the injury he is carrying ,2,0,https://www.reddit.com/r/soccer/comments/1ud5bf4/daily_discussion/otf9aqn/
otf4lv1,comment,,"Don’t worry, even barca fans don’t know why they signed him either ",12,0,https://www.reddit.com/r/soccer/comments/1ud5bf4/daily_discussion/otf4lv1/
otfejuq,comment,,"We dont know

But Flick and Deco do, and honestly I trust them",1,0,https://www.reddit.com/r/soccer/comments/1ud5bf4/daily_discussion/otfejuq/
otf3zfr,comment,,He runs tho? Thats what Barca needs,6,0,https://www.reddit.com/r/soccer/comments/1ud5bf4/daily_discussion/otf3zfr/
otf357k,comment,,Among the most ridiculous signings I have ever seen,9,0,https://www.reddit.com/r/soccer/comments/1ud5bf4/daily_discussion/otf357k/
otf2qa5,comment,,"That Ghanaian witch doctor had better put that curse for this game only, can’t deal with any black magic during the season",7,0,https://www.reddit.com/r/soccer/comments/1ud5bf4/daily_discussion/otf2qa5/
otf3gsr,comment,,"respect on him for not wishing him serious injuries, he cursed him just the exact right amount",6,0,https://www.reddit.com/r/soccer/comments/1ud5bf4/daily_discussion/otf3gsr/
otf2b05,comment,,"The discussion around England is nauseating and we’re only 2 games in. We are a very pessimistic bunch *and* everyone loathes us on top of that *and* the tournament is in the United States

There is absolutely 0 reason to allow any discussion on us from this point on. Shut it all down.",11,0,https://www.reddit.com/r/soccer/comments/1ud5bf4/daily_discussion/otf2b05/
otf3grj,comment,,Damn.  There is some real pain in this comment lol.  Sorry man!,4,0,https://www.reddit.com/r/soccer/comments/1ud5bf4/daily_discussion/otf3grj/
otf2r8p,comment,,Brother what have we got to do with anything besides an occasional stupid American revolution joke ,2,0,https://www.reddit.com/r/soccer/comments/1ud5bf4/daily_discussion/otf2r8p/
otf3qgd,comment,,A lot of people from the US who aren’t into football usually are coming here is what I meant.,5,0,https://www.reddit.com/r/soccer/comments/1ud5bf4/daily_discussion/otf3qgd/
otf45dm,comment,,True. Usually the DD is safe from these people ,2,0,https://www.reddit.com/r/soccer/comments/1ud5bf4/daily_discussion/otf45dm/
otf29q4,comment,,So are we all in agreement Ghana got robbed of a penalty today and maybe a red card right?,10,0,https://www.reddit.com/r/soccer/comments/1ud5bf4/daily_discussion/otf29q4/
otfbye0,comment,,"Other way around for me. I think that’s a pen in any other competition, but that’s never getting called in this world cup. Probably should’ve so I’ll call it a maybe, but it was a consistent call with the standard of contact they’re allowing this tournament.

Now the (non) red card I just don’t understand. Pickford does not get even close to the ball, just tackles the forward.",1,0,https://www.reddit.com/r/soccer/comments/1ud5bf4/daily_discussion/otfbye0/
otf6iff,comment,,They fouled Eze to get the ball for that move. So no,-1,0,https://www.reddit.com/r/soccer/comments/1ud5bf4/daily_discussion/otf6iff/
otf4hi3,comment,,For what lmao? Insanity hearing about any kind of refereeing error from an Argentinian ,-5,0,https://www.reddit.com/r/soccer/comments/1ud5bf4/daily_discussion/otf4hi3/
otfbksk,comment,,Flawless logic,4,0,https://www.reddit.com/r/soccer/comments/1ud5bf4/daily_discussion/otfbksk/
otfc8m2,comment,,Unfortunately the world doesn't operate under flawless logic or Argentina would've been nuked beyond recognition 80 years ago,-4,0,https://www.reddit.com/r/soccer/comments/1ud5bf4/daily_discussion/otfc8m2/
otfhzbm,comment,,I hope everything at home is alright for you man,1,0,https://www.reddit.com/r/soccer/comments/1ud5bf4/daily_discussion/otfhzbm/
otfdjn3,comment,,Argentina could be a nuclear wasteland and that still wouldn't change the fact that a foul in the box should result in a penalty.,4,0,https://www.reddit.com/r/soccer/comments/1ud5bf4/daily_discussion/otfdjn3/
otfe68p,comment,,"Good thing England didn't commit a foul on the box, and a real shame Argentina isn't a nuclear wasteland yet ",-2,0,https://www.reddit.com/r/soccer/comments/1ud5bf4/daily_discussion/otfe68p/
otf7ren,comment,,"CHILL! We never locked anyone up by their thighs and brought them down in the box lmaoo

Also I'm from London allow it 😂😂",5,0,https://www.reddit.com/r/soccer/comments/1ud5bf4/daily_discussion/otf7ren/
otf8jm2,comment,,"You got 7 penalties for literally no reason because your golden boy was the cash cow of the blatantly corrupt nation hosting the tournament, I'm not about to pretend you ever have a leg to stand on",-5,0,https://www.reddit.com/r/soccer/comments/1ud5bf4/daily_discussion/otf8jm2/
otfcmdr,comment,,"No reason yh? Lmaooo

Take a day off lad",1,0,https://www.reddit.com/r/soccer/comments/1ud5bf4/daily_discussion/otfcmdr/
otfdq2e,comment,,"Yeah you're right and it wasn't no reason. It was because your star player had become the best in the world due to being pumped full of peds by the scummiest club in world football and this following meant he was worth a lot to the very corrupt hosts of the tournament who also happened to own the club that said drug cheat played for, so they made sure he had as good a tournament as possible. No footballing reason I suppose is what I meant ",-3,0,https://www.reddit.com/r/soccer/comments/1ud5bf4/daily_discussion/otfdq2e/
otfe3wj,comment,,"You sound mad bro

It's 12:36am go to bed",1,0,https://www.reddit.com/r/soccer/comments/1ud5bf4/daily_discussion/otfe3wj/
otf47lm,comment,,Absolutely I can't believe. Worst decision of the tournament so far,6,0,https://www.reddit.com/r/soccer/comments/1ud5bf4/daily_discussion/otf47lm/
otf3gmv,comment,,Yes ,3,0,https://www.reddit.com/r/soccer/comments/1ud5bf4/daily_discussion/otf3gmv/
otf2obu,comment,,"pickford red? no chance, very much a 5050 and konsas dive shouldve been a pen ",3,0,https://www.reddit.com/r/soccer/comments/1ud5bf4/daily_discussion/otf2obu/
otf3two,comment,,"I was thinking more of the Konsa one for the red

I'm pretty fine with the Pickford decision",3,0,https://www.reddit.com/r/soccer/comments/1ud5bf4/daily_discussion/otf3two/
otf4k6o,comment,,Probably is a red card in england id say yeah,2,0,https://www.reddit.com/r/soccer/comments/1ud5bf4/daily_discussion/otf4k6o/
otf2liv,comment,,I don’t think that pickford one ever deserves a red but konsa should’ve given away a penalty,9,0,https://www.reddit.com/r/soccer/comments/1ud5bf4/daily_discussion/otf2liv/
otf3z6w,comment,,"Oh no I agree the Pickford one is fine

I was more concerned about the Konsa one maybe being a red as well",5,0,https://www.reddit.com/r/soccer/comments/1ud5bf4/daily_discussion/otf3z6w/
otf2tqj,comment,,"I think the Konsa foul could have been a red. It's weird because the challenge was so bizarre that it wasn't really dangerous, but he came in at knee height. Think very few refs would have given it as a red, but if it was given I don't think it would really be a wrong decision.",2,0,https://www.reddit.com/r/soccer/comments/1ud5bf4/daily_discussion/otf2tqj/
otf3xdz,comment,,"Correct me if wrong I think pen+red is only given if the challenge has no intent on the ball and while it was a crazy execution from konsa you definitely can do those types of hook tackles cleanly, so I assume he'd get the benefit of the doubt if the ref made the correct decision on the penalty",2,0,https://www.reddit.com/r/soccer/comments/1ud5bf4/daily_discussion/otf3xdz/
otf1pkx,comment,,"*I know* it's international football, a two-game sample size, and multiple other factors, but I'm not seeing ‘*it*’ with Elliot Anderson at all. ",12,0,https://www.reddit.com/r/soccer/comments/1ud5bf4/daily_discussion/otf1pkx/
otf60tz,comment,,"He gets Kanté level recovery numbers and is calm in possession. He'll find forward runners if they are there to be found.

He did his job today. There wasn't enough dynamism from the striker and ten, and the combinations between winger and fullback weren't good enough.

What is ""it"" you're looking for?",5,0,https://www.reddit.com/r/soccer/comments/1ud5bf4/daily_discussion/otf60tz/
otf4shw,comment,,He played very well against Croatia ,4,0,https://www.reddit.com/r/soccer/comments/1ud5bf4/daily_discussion/otf4shw/
otf4p5i,comment,,"I've just watched him be one of the best players in the pitch twice in a row for the best team in the tournament, if that isn't enough then fuck it who cares ",0,0,https://www.reddit.com/r/soccer/comments/1ud5bf4/daily_discussion/otf4p5i/
otf4853,comment,,"He was good in the first game imo but people are clearly overrating him. The way propel talk about our midfield, you’d think it’s flawless ",3,0,https://www.reddit.com/r/soccer/comments/1ud5bf4/daily_discussion/otf4853/
otf42xg,comment,,I’m not out on him but 120M seems like a disaster waiting to happen.,4,0,https://www.reddit.com/r/soccer/comments/1ud5bf4/daily_discussion/otf42xg/
otf3me3,comment,,"He's good and solid, but doesn't offer enough in a game like that to start let alone get the minutes he got

When we play the big guns in KOs, definitely, but against bus blocks like that it had to be someone else",1,0,https://www.reddit.com/r/soccer/comments/1ud5bf4/daily_discussion/otf3me3/
otf2y3i,comment,,"His passing quality is completely overrated, have not seen anything to suggest he’s an elite tempo setter, passer. 

He’s busy body mid like rice, I overrated him myself, not shit obviously but 120M mid he’s the fuck not ",6,0,https://www.reddit.com/r/soccer/comments/1ud5bf4/daily_discussion/otf2y3i/
otf2jrb,comment,,Gareth Barry Regen. He’s just still young.,1,0,https://www.reddit.com/r/soccer/comments/1ud5bf4/daily_discussion/otf2jrb/
otf1f9a,comment,,"If the story about Mateus Fernandes rejecting Real Madrid to sign for Tottenham is true, then the guy must be crazy, there’s no other way to put it. If it had been Manchester United, I could still kind of understand the logic behind it, but Tottenham? I just cant make sense of that decision at all",9,0,https://www.reddit.com/r/soccer/comments/1ud5bf4/daily_discussion/otf1f9a/
otfj0rk,comment,,"The first thing you have to learn is that all players are mercenaries, so the most likely reason is a better contract. ",1,0,https://www.reddit.com/r/soccer/comments/1ud5bf4/daily_discussion/otfj0rk/
otf7i06,comment,,Don’t think you realise how desperate spurs are ,4,0,https://www.reddit.com/r/soccer/comments/1ud5bf4/daily_discussion/otf7i06/
otf4zl0,comment,,"He won’t play in Real, he got 6 midfielders ahead of him ",4,0,https://www.reddit.com/r/soccer/comments/1ud5bf4/daily_discussion/otf4zl0/
