n,id,thread_type,label,text
1,ornb05o,match_thread,,"So those wins are ""against China, Costa Rica, Senegal and Japan"" but this defeat isn't ""against Australia""."
2,ot812gd,transfer_thread,,I don't understand these players man. You were already a big name at City. If you wanted a bigger club why sign a 6 year contract at Atleti? I know it's for guaranteed money but even with injury issues he would have still been in demand.
3,oryp9gf,analysis_thread,,&gt;attack in a 4-2-3-1 or 4-3-3 Germany even uses a crazy 3-1-6 in attack (which makes them vulnerable to counter attacks) :D One of the fullbacks always moves up the pitch https://www.squawka.com/en/features/post-match-analysis-germany-vs-curacao-14-06-26/
4,orz631h,analysis_thread,,There aren't that many combinations of possible formations with 10 players tbh. Now I wonder if these coaches study older games to try to find inspiration or they those formations just happen naturally
5,otfd6sb,daily_discussion,,"What would actually be a failure for English fans? Seems consensus is that this squad has as good a chance as any. Is it win or bust, or are there certain teams (France, Spain, etc) where losing to them would be disappointing but accepted?"
6,ot7w75q,transfer_thread,,Pep would never hold a player hostage and he knew Julian deserved more minutes so he just wished him well
7,ot7xwhs,transfer_thread,,"He wants to play in every stadium named ""la bombonera"""
8,orz4s8t,analysis_thread,,Most teams either defend in 4-4-2 or 4-5-1 out of possession.
9,otf55kw,daily_discussion,,This is your reminder that Yuto Nagatomo is part of the Japan squad.
10,ork9mhi,match_thread,,"Yeah, when we made our chances, we definitely followed through efficiently"
11,orka3lz,match_thread,,I support the confidence because we are too
12,ot7v637,transfer_thread,,Big fan of recent dreams.
13,otc6z7r,transfer_thread,,"It's not very very slowly at all. He won the league in 20/21 with a very attacking team and tactics and he's been playing that way since. I know you don't watch us, so feel free to look up their goalscoring statistics over the last 5 seasons if you need evidence. &gt;he still keeps his characteristic flaw of parking the bus when he gets a decent lead, like he's too scared of playing attacking football. I agree with this to an extent - he does this sometimes, but he mostly does it against strong attacking teams - but is it a flaw or a crime to defend, especially against a team with great fire power? Would you prefer he played all out attack and conceded 5 goals? Simeone must be the only manager to get criticised for trying to defend a lead. &gt;Also, the league was lost in February more or less so you could've just rested your players and played the B-team since then. Come on now, you know no team would do this, and you'd be here criticising them for this instead if they had. &gt; I doubt injuries are enough of an excuse to lose the CDR final, if the team is getting injured with so little pressure compared to EPL teams like Arsenal, who won against Atleti in the UCL, then maybe something needs to be changed in the medical area. I agree, injuries aren't the reason we lost the CDR, I fully accept and agree we were poor in that match and our mentality sucked, but it was poor defense and finishing that cost us - not parking the bus or sitting deep. Your point about injuries is pretty irrelevant though - yes they should be investigating why Barrios, Cardoso and Baena all struggled, but why is this relevant here? It doesn't change the fact that injuries played a massive part in not being able to play our strongest midfield (and our strongest player with Barrios). Arsenal's squad depth is far, far better than ours, but who says we have so little pressure compared to them anyway?"
14,otf2y3i,daily_discussion,,"His passing quality is completely overrated, have not seen anything to suggest he’s an elite tempo setter, passer. He’s busy body mid like rice, I overrated him myself, not shit obviously but 120M mid he’s the fuck not"
15,ot7wqef,transfer_thread,,It would be embarrassing if Atleti end up having to sell him to Barca after all that shit talking
16,otfkzfr,daily_discussion,,In r/soccer you can observe the hypocrisy of praising Djed Spence of not shaking hands with Partey then the same people glazing Ronaldo with goat shouts. Says how hypocrite this place can be. I guess being at the very top for some years does wonders for one :(
17,ork35ig,match_thread,,Turkiye the worst dark horse ever?
18,ot7x1de,transfer_thread,,to demand out so soon is just disrespectful
19,oryokqd,analysis_thread,,Bruno as 10? Damn we're fucked
20,orkm7du,match_thread,,"After all that has been said about Turkey, I have one thing to say: 🤣🤣🤣."
21,orkjuhj,match_thread,,Talk shit get fucking dog walked you cunts
22,otfj7k1,daily_discussion,,"That’s not really fair to Foden imo. He rarely played for City for most of the season and never really made a peep, publicly at least, that I can remember. Not saying he should’ve been called as I really don’t care because I’m not English, I just don’t think he’d throw the toys out of the pram if unused."
23,oryxkkw,analysis_thread,,"&gt;Teams that do this are more vulnerable to counters but will generally be sides with strong, fast defenders comfortable in 1v1 duels. Well this part of the tactics didn't really work for Germany at the last 2 world cups :D Ivory Coast and Ecuador might have more quality to exploit it than Curacao"
24,otf3r55,daily_discussion,,"Bringing Eze is just bizarre if he’s that far back in the number 10/left winger pecking order. If it’s a small cameo like today where you just need a goal, foden or palmer are just better and the guys shit at pens too."
25,otac5km,transfer_thread,,Name a manager that you think Atletico Madrid could feasibly get that could do a better job? Remember their annual turnover is less than Aston Villa. I don’t like Atleti but Jesus Christ this isn’t FIFA
26,otf7ren,daily_discussion,,CHILL! We never locked anyone up by their thighs and brought them down in the box lmaoo Also I'm from London allow it 😂😂
27,orywx0r,analysis_thread,,"Just a natural evolution from the 2-3-5 / 3-2-5 shape teams were using a few years ago in attack. Now, with so much emphasis on man-to-man pressing, some teams are pushing that extra player forward to again try to stretch the defence and gain numerical advantages higher up the park, not to mention better counter-pressing opportunities. Teams that do this are more vulnerable to counters but will generally be sides with strong, fast defenders who are comfortable in 1v1 duels. You won't see Scotland do this, but France, Spain, Germany and the likes are sides with profiles that could play this way."
28,ormh7qk,match_thread,,My point is they won their qualifying group sp you cant assume they wouldn't pf made the old format. They did better than Nigeria how you gonna say they wouldn't of made the old format you cant know. They did the best out fo their group they could easily qualified in the old format
29,otaxe35,transfer_thread,,Since he got to atleti only raphinha and julian have more champions league g/a? Thats why Barcelona want him
30,ot7vp8k,transfer_thread,,"And it’s not like he’s been good in La Liga, missed a pen in the final, disappeared against Arsenal albeit he was injured. I loved him till the end but he’s being disrespectful considering we missed out on trophies due to his lack of success. Not like he’s impressing at the WC"
31,otfbx77,daily_discussion,,😂 damn i did not know that!
32,oryv7s2,analysis_thread,,Mike Bassett was right all along
33,ork819g,match_thread,,"~~2016~~ 2018 world cup, Iceland were tagged as dark horses while being considerably smaller than Turkey is in this world cup. ""A **dark horse** is a previously lesser-known person, team or other entity that emerges to prominence in a situation, especially in a [competition](https://en.wikipedia.org/wiki/Competition) involving multiple rivals,[^(\[1\])](https://en.wikipedia.org/wiki/Dark_horse#cite_note-1) that is unlikely to succeed but has a fighting chance,[^(\[2\])](https://en.wikipedia.org/wiki/Dark_horse#cite_note-2) unlike the [underdog](https://en.wikipedia.org/wiki/Underdog) who is expected to lose."" Netherlands are NOT a dark horse, Morocco actually have hype but could be considered a dark horse though."
34,ot7win5,transfer_thread,,"That 150mn bid looks like a genius move from Perez now. Won elections because of that, now Atleti can't sell below that price, and Barca has to pay 150mn at least for Alvarez. Won on multiple fronts."
35,orkvcs7,match_thread,,"Like everything there’s a balance, I never argued otherwise. My argument was centred around the basis that too much of the analysis has been around talent alone. Australia was written off because they were seen as irrelevant talent wise, even by the Turkish captain, and evidently that’s been the wrong way of looking at it. When considering both talent and mentality, I truly do believe the game was Australia’s to lose. Call it dramatic or otherwise but that’s my opinion and the result backs me up"
36,otf5k5w,daily_discussion,,"That's not my point really, every team that ends up 1st get to face Gibraltar or something and we get this"
37,orlikew,match_thread,,My mental first thought about the US team is a side struggling to put one across against a small carribean nation while playing in Ohio in the snow. They were like prime Barcelona out there. So yeah i dunno who is going to show up next.
38,oryr384,analysis_thread,,wake me up when 3-6-1 comes back
39,ot7vy4z,transfer_thread,,You missed trophies due to the presence of Simeone.
40,otfcmdr,daily_discussion,,No reason yh? Lmaooo Take a day off lad
41,orymtzz,analysis_thread,,"I agree, formation changes during different phases of the pitch. Ive seen teams play a 442 and go 2-4-4 in the final phase of the pitch."
42,orzkkhp,analysis_thread,,Why not drop Cunha as the 10? Too much redundancy with Fabinho and Casemiro.
43,orz97z1,analysis_thread,,"Any discussion of an ideal midfield for Brazil that doesn't include Danilo Santos shows that the person really doesn't understand the current form of Brazil's players. Danilo Santos played well every second he was on the field, whether in the friendlies against France, Croatia or Panama. He needs to be a starter, and that’s one of Ancelotti’s biggest mistakes. Brazil's ideal midfield lineup is: Bruno Guimarães, Danilo Santos and Cunha/Paquetá. In that case, yes, the team could defend in a 4-4-2 formation with Cunha covering the left side instead of Vini. I just don't know if he can handle that role. But with Brazil in possession, we need wide wingers (Vini and Rayan/Luiz Henrique). Ancelotti made the wrong choice at left fullback, and on the right, we’ve lost our top three options to injury (Militão, Wesley and Vanderson)... So, all of our fullbacks are defensive. My ideal team would be: * Alisson; * Danilo * Marquinhos * Gabriel Magalhães * Douglas Santos * Bruno Guimarães * Danilo Santos * Rayan * Matheus Cunha or Lucas Paquetá * Vinicius Junior * Endrick A standard 4-2-3-1 formation that switches to a 4-4-2 in defensive phase. **EDIT:** “Where's Raphinha?” Well, Raphinha's last good game for Brazil was the 4-1 victory over Uruguay in 2021. He shouldn't be in the starting lineup based on how he plays for Barcelona. This motherfucker needs to be benched. And I know people will say that Vinicius Junior didn't play well for Brazil either, but Vinicius was one of Brazil's best players in the 2022 World Cup. I'm coming to the conclusion that he rises to the occasion when the stakes are high."
44,otf51py,daily_discussion,,"I think this happens a lot at international tournaments (including club continental tournaments), except 2022 when there was clearly a direction from FIFA to the refs to play out the right amount of time. I think there are some countries where this must just be the norm."
45,ot86h2w,transfer_thread,,What’s the point of accepting if the player doesn’t want to go to RM in the first place?
46,orkhnc7,match_thread,,"I see it as all the defensive players did well, so hard to pinpoint just one in particular. But Irankuda's run and goal changed the game and gave Australia the motivation to keep up the defensive efforts."
47,otf3md3,daily_discussion,,"love jude down, but how on earth did he get motm😭"
48,orzdael,analysis_thread,,Nearly every team is attacking in the same shape: 325. The patterns become so dry and repetitive.
49,ot7wuvd,transfer_thread,,Barca if I'd have to guess (especially since news on Alvarez to Arsenal has been quiet recently)
50,otfhi9b,daily_discussion,,"Hate being the celebration police, especially for a team I’m supporting, but I’m just not convinced by our defense. Dias, Mendes, and Costa are genuinely world class on their day, but Veiga is too error prone for my taste, and you can just tell he’s a step below our best defenders. He missed a header clearance and gave the Uzbeks a free counter. Cancelo also is an amazing attacker but sort of infamous for getting exposed defensively. On top of that, the Colombian attack is just significantly better than Uzbekistan or the DRC, easily 3rd best in North/South America. I kinda wanted to see Nunes start this game because he’s proven to be a pretty solid defender in a more physical and competitive league. I don’t think we can risk Cancelo against teams like France or Argentina, although to be fair he’s probably a better playmaker than any of our wingers."
51,otf9mhg,daily_discussion,,There’s a difference between looking at one replay and properly checking
52,otf3yzr,daily_discussion,,"What the fuck is going on with injury time at this tournament as well btw? Big injury break, hydration break and loads of subs and time wasting and only 6 gets added on AND then Ghana make a sub in the 94th min, wasting a whole minute and the ref blows up bang on 96? Not the first game it’s happened in either. Loads of comically low added time and refs clearly not adding extra time on. Why do they chose the biggest competition in the world to decide to randomly change how they’re going to enforce the rules?"
53,orkcdr8,match_thread,,"Past few tournaments I keep hearing Turkey being hyped up, just to stink it up at the Euros and now the World Cup"
54,ot9hf47,transfer_thread,,"Frankly he is an ungrateful little rat. Atleti took a massive gamble paying 90M for him at the time and he agreed to a 6-year contract with a 500M clause now expects us to give him away below market value. He can fuck off Also hilarious to see the ""I want to win trophies"" argument when he fucked a Copa del Rey title away by missing his penalty and going 4 months without scoring in La Liga surely didn't help our chances of competing there. Not to mention the double touch fiasco againat Madrid last season. Maybe he should actually perform when titles are on the line if he wants to win some"
55,otfbyxc,daily_discussion,,"genuinely what was tuchel’s tactics, why did both the fbs weren’t overlapping and instead stuck between the wingers and cbs? i really think it’s something tactical rather than individually."
56,otf4k6o,daily_discussion,,Probably is a red card in england id say yeah
57,ot91oen,transfer_thread,,I mean Atleti had a pretty decent season. They lost the cdr final in part because he missed a penalty. They made it to the UCL semi finals and he disappeared against arsenal. They didn’t do well in La Liga in part because he only scored 8 league goals.
58,orylt2f,analysis_thread,,"Teams are just more adaptable today. Defend in a 4-4-2, attack in a 4-2-3-1 or 4-3-3. It always varies. Sometimes teams rotate to a 3atb during games too. Its very fluid"
59,oryof3o,analysis_thread,,"""4-4-2 is a great system for subpar teams"" - Johan Cruijff"
60,orzeh2b,analysis_thread,,"Yea, Danilo Santos and Endrick are clear upgrades for Brazil but somehow Ancelotti didn’t start them against Morocco. Don’t blame random redditors, the person who is paid to make decisions also miss it"
61,otf29q4,daily_discussion,,So are we all in agreement Ghana got robbed of a penalty today and maybe a red card right?
62,otfhvaz,daily_discussion,,Football simply needs to come home. Anything less is unacceptable.
63,ot7yuwg,transfer_thread,,Haaland liked a shit ton of post about Julian being a really good duo with him recently so I would say that Haaland would be really happy if Julian also wanted that
64,orknpae,match_thread,,Turkey got some explaining to do lol
65,ot98fcp,transfer_thread,,"Sure, but Kane was much more valuable to Spurs than the bids City sent for him. IIRC, Levy set a \~£120 million price tag due to the handshake agreement, and City never matched it. Without the handshake agreement that Levy and Kane allegedly had, I don’t think any offer would have tempted Spurs to sell."
66,otaslll,transfer_thread,,"Oyarzabal is less and clearly scores with Barça teammates. Junior Kroupi is young and could be developed. Kai Havertz, Cunha, Thuram many many many more. Trying to buy ready players at a ""Barça level"" is insane and the reason Bartomeu failed so badly"
67,otf5sao,daily_discussion,,They watched that video of him scoring against some builders on a campsite and started punching air at the idea of him missing out.
68,orkhvs9,match_thread,,Congs to Aussies 👏 Well defended well deserved Now we have to get one win and even that wouldn't be enough to be one of the lucky thirds.
69,ornezzu,match_thread,,"Nah. I am someone that hasn’t really trusted Turkey since I did in 2021 and saw them in the playoff vs Romania (only 1-0 win with really 2 big chances per side) but even I had Turkey 2nd and tightly winning this game. I saw them losing to the US and drawing to Paraguay or something but winning this one, someone has to be bottom and at some point the player quality matters too. Sure Australia makes it tough always but they do lose many times. Anyway, congrats to Australia!"
70,ot82mak,transfer_thread,,Mapped plays as the CF. So where would Alvarez play? It just doesn’t make sense to spend that much money on a back up player
71,otffb0y,daily_discussion,,"Failure is not winning, these players are good enough to win it, we’ve brought in a very high profile manager and he’s the 2nd best paid at the tournament Not saying we’re favourites and should definitely win but winning it is a realistic aim for this group we’re not one of the minnows just happy to be here"
72,os196u6,analysis_thread,,"I say we keep the hydration breaks, and then we have dedicated players for defense and offense that rotate in and out to match these fluid systems.."
73,ot7zaxs,transfer_thread,,I honestly don’t think there was actual collusion between them. I belief that Perez just made the promise for the election predicting that Atletico would reject it out of sheer pride and that muddying up Barca’s transfer was just a bonus for him
74,ork4mq6,match_thread,,How is this going down in Turkey?
75,otfcbjv,daily_discussion,,every big team but france it seems😭
76,ot81j6h,transfer_thread,,"Pep would have let Haaland , KDB and Rodri leave at the same time if they were causing trouble. Him letting Julian go means absolutely nothing. If anything, Him leaving City is what proved to the world that he had ambition."
77,otfaoij,daily_discussion,,Wow lost my bet cause England couldn’t score 1 measly goal. Dammit! LOL I was never so confident in any bet ever I for sure thought I’d have it
78,oryome4,analysis_thread,,"The 424/442 was invented specifically to counter Herbert Chapman's 3223, which itself was invented to counter the WW formation that Pep's Barcelona like to use. We can already see the next stage coming with teams utilising the 3142 or 3133 shape (Cryuff) to try and break the 442 to great effect. Sweden's dismantling of Tunisia was the most recent example."
79,ot7w1g0,transfer_thread,,"""due to his lack of success"" is crazy lmao"
80,otfj0rk,daily_discussion,,"The first thing you have to learn is that all players are mercenaries, so the most likely reason is a better contract."
81,otf3zfr,daily_discussion,,He runs tho? Thats what Barca needs
82,ot7x6ia,transfer_thread,,8 league goals. surely he will fix finishing issues in barca.
83,orkpc7j,match_thread,,&gt;Foster Mate we don't drink that shit here. I genuinely can't even remember the last time I saw one.
84,os0jorm,analysis_thread,,"Interesting. I'd heard of one, but not the other. Thanks."
85,ot9bwj6,transfer_thread,,The issue is not the length only... It's the 500m release clause...
86,otabenm,transfer_thread,,"He did is job for once, and then followed it up with a missed penalty. I liked Julián but his season has been poor. He turned up in 3 matches this season: Rayo, Real Madrid and (arguably) the cup final."
87,otfcnzg,daily_discussion,,"There’s not much else you can do against a well organised low block, look at Arsenal vs PSG a few weeks ago. That PSG midfield is full of the sort of profiles people say england lack and has far better wide players than gordon and madueke"
88,otfgoa7,daily_discussion,,I can’t imagine being English and not feeling the same way. I maybe get why people look past the flaws in France’s squad but every other team is blatantly just worse Just think the stars have aligned and if we don’t win this we’ve got no fucking hope
89,ornaukb,match_thread,,They are. This result is an upset.
90,orzxtf9,analysis_thread,,"They played that too. Paqueta started on the right but was brought to the center/mid very early on as the team were losing heavily the midfield battle. The main problem wasnt lack of competitiveness but rather being unable to deal with their press. Casemiro himself lost possession 5 times, Bruno and Paqueta had some passing errors as well. The team just couldnt transition to attack, kept losing the ball, and it just made it so that it was always Marrocos the ones playing while we had to perma defend."
91,orlz1y4,match_thread,,"Feel like their NT consistently have underperformed for a while even while having great individual talent and being touted as the ""dark horse"" of the tournament a few times."
92,ot7z44m,transfer_thread,,Hey man no arguments from me on that one
93,ork7o0v,match_thread,,Mf spoils mai 6.45 odds slip . Idiots
94,orypdlp,analysis_thread,,We don't even have four midfielders. More like three and a half.
95,otaaiuz,transfer_thread,,"I love how much Barcelona fans are bending over backwards to express this statement now. We've seen players not get their ideal move before, why would this be any different? Aguero wanted Real Madrid, he got City, Falcao was pursued relentlessly by Real Madrid, he got Monaco. Suarez wanted Arsenal and was forced to stay at Liverpool, Kane wanted City and was forced to stay at Tottenham. I get you guys desperately want Julián there, but Atleti have far more say over where he goes than you think they do."
96,os0s23q,analysis_thread,,"There was a lot of cross pollination of ideas in the 50s.. Brazil winning the world cup made 424 pretty popular. In UK they basically drop 2 halfbacks into the backline and shift the fullbacks wide, and shift one of the inside midfield beside the one remaining halfback. The issue with a 424 is that wingers are not that useful against a back 4 compared to a back 3, plus the midfield 2 always gets overrun... So managers in Europe, especially teams that are less talented, started to drop one of the wingers into midfield to create a 433 with one inside forward and one winger. Alf Ramsey later decided to abandon the wings all together and used the 4312/442 to win the world cup 66 which stuck for quite some time."
97,otfkpcr,daily_discussion,,"midfield would be almost non existent, possession wouldn't be as important, there would be more space for individual skill like dribbling, but at the same time teams would be scared to attack with a lot of players"
98,otfdwt8,daily_discussion,,"Win or bust for me, there’s genuinely not a single team I’d be comfortable losing to"
99,ot7yvh9,transfer_thread,,Arteta had peak charisma. His hair is perfecto
100,ot7z0yh,transfer_thread,,So nothing of substance from you? Good luck Alvarez fanboy.
101,oryps2q,analysis_thread,,"A rare article that identifies tactics used, explains why and provides examples. Nice read!"
102,oryxj5k,analysis_thread,,"You never really see anyone actually attack in a 433/4231 or any “typical” formation, really only straight from build up. The 325/316 is all the rage"
103,ot7y6ru,transfer_thread,,"Agreed, both sides agreed to the contract"
104,otf5867,daily_discussion,,Form not good enough and i think Palmer needs a bloody rest
105,orkueod,match_thread,,"The thing is, it is in their blood by now. 24 years of losing have their toll."
106,ot8c5nc,transfer_thread,,He's got quite the pair trying to throw his toys out the pram with those handcuffs on and Atleti very clearly not willing to play ball lmao
107,otfkrck,daily_discussion,,Ghana will win the World Cup purely on the strength of witch doctors
108,ot9b6as,transfer_thread,,You missed Ferran of you are gonna alist all top strikers
109,oryo97r,analysis_thread,,"Casemiro looks finished in a midfield two like when he was under amorim. Under carrick in a midfield 3 he looked really good. Imo Brazil need to play two of casemiro/ederson/fabinho in the pivot with Bruno as a 10 if they are going to do anything this world cup. The midfield needs to protect the defense, keep the ball and just give it to vini and raphinha. It couldn't do that against morocco"
110,ot7wsbv,transfer_thread,,"Hey, you got a disgruntled star striker the same way!"
111,otf6hhx,daily_discussion,,Foden who constantly played against low blocks for years? Yeah
112,orkc0p3,match_thread,,He was really positive for Turkey throughout the game tbh. I stand by my point but thats a more reasonable shout
113,otf45tg,daily_discussion,,Real championship manager heads recognise a diablo when they see one
114,orke1du,match_thread,,Fuck sports gambling and fuck your odds slip.
115,orz22cp,analysis_thread,,It doesn't take an expert to notice that Joao Pedro dropping back deeper would compliment Raphinha &amp; Vinicius more than Thiago could. They are kinda cooked for full backs &amp; in the middle of the pitch. Maybe Ederson &amp; Bruno could form a partnership but Fabinho &amp; Casemiro like Danilo &amp; Alex Sandro in an ideal world wouldn't be in Brazil squad in 2026.
116,orylgzj,analysis_thread,,"Pep leaves, nature is healing"
117,ot80oew,transfer_thread,,"Some agents are just as stupid as them. Especially the ones who have no street smarts or experience ( family members are guilty of this ). Maybe they didn't / couldn't facilitate a get out of jail free clause. Harry Kane's bro is my favorite stupid agent. Kane went to Bayern inspite of him, not because of him."
118,orypcim,analysis_thread,,"Yeah basically just another midfielder just a bit more advanced than the pivot. The midfield needs to protect the defense, maintain the ball and just give the ball to vini and raphinha. It wasn't able to do all that against morocco"
119,otff9q1,daily_discussion,,"Losing to anyone outside of France, Spain and maybe Germany would be poor."
120,ot9r7zk,transfer_thread,,"Lol Suarez didn't play with either of Godin, Miranda, Gabi, Arda. Our team that won La Liga in 2021 was not much better than the current team at all. Difference was that we had a killer striker to carry us And again, his penalty miss cost us a Copa del Rey title and we were also extremely close to reaching a CL-final. Everything is there to challenge for titles if he simply starts performing in crunch games No one hated Julian either, he was becoming an idol of the fans but his agent spreading rumours *during the fucking season including before the CL quarter finals and semi finals* and now this pretty understandably makes everyone throw up. Especially so when he is a part of the team and in his own way a big reason why we didn't end up winning anything. Does he want titles just served on a plate without having to contribute to them himself?"
121,orkpwvu,match_thread,,"Currrently watching this one, but got spoiled by opening Reddit by accident lol. I keep hearing the same dude yelling something. Is it the mic placement or is the stadium just quiet?"
122,orzgfm0,analysis_thread,,"316 is pretty standard these days, especially against back 5’s because it allows you to send a player into every pocket. Some make it 2-2-6 as well to overload the midfield even more against really deep blocks."
123,orkldiz,match_thread,,A lot of patrotic Australians would have won money with Australia at 5-1 to win. The vast majority of those Australians would have then lost that money into poker machinesor multis. It's the Australian way.
124,oryzaz6,analysis_thread,,I miss the days of Spain's 2012 4-6-0 We hit peak possession
125,orzi7jl,analysis_thread,,Watching the Czechs play proper Brexit ball and score on a long throw was thrilling.
126,otf2y6g,daily_discussion,,"Jude Bellingham has to be the weirdest player profile I've seen in my life. He's neither a pure 8 like Scholes/Lampard/Gerrard despite having better feet than all 3 and he clearly isn't a pure ""magic man"" #10 either. He's talented enough to do a job in almost any position you play him but he doesn't really have a true position yet where he actually dominates matches."
127,orzte3w,analysis_thread,,"The WM is the 3223 he referenced. The 424 was a brazilian invention to counter the 3223 that was very popular at the time I am not too sure on the timeline regarding the WW though, from what I recall it was used by Hungary back when they were good in the 50s but he is arguing it predates the WM so I am kinda lost too. But yeah WM and WW were two different formations"
128,otfeh65,daily_discussion,,I like it. Caveating is for wusses.
129,ot7vd00,transfer_thread,,Great timing in the middle of the World Cup and after you screwed up a chance to score to try and force a move with interviews to the media
130,otf4ak5,daily_discussion,,"He's an 8 but he got the reputation of a goalscoring 10 and can't seem to shake the tag And honestly, against the big sides that'll actually be good for us, because Rice and Anderson behind him makes sense For games like today though he had to either be alongside Rogers advanced or dropping deeper for him and sit next to rice"
131,otf8jm2,daily_discussion,,"You got 7 penalties for literally no reason because your golden boy was the cash cow of the blatantly corrupt nation hosting the tournament, I'm not about to pretend you ever have a leg to stand on"
132,otf8qxq,daily_discussion,,"And you'd get, what, 40 minutes across two games out of them at best when that's where they excel? Not exactly a great use of a spot in the squad when you're looking to play eight games, and doubly so considering at least one of them will be a group stage game that isn't particularly meaningful in the grand scheme of things."
133,orksjvn,match_thread,,Friendship ended with Turkey Ecuador is my new best friend
134,otfg56z,daily_discussion,,I feel delighted that someone else gets it.
135,otfl43z,daily_discussion,,"I’m seeing so much Anderson hate for no reason, he usually doesn’t recycle the ball or pass it sideways but when everyone else is a human statue during build up there’s not much he can do"
136,orsjqov,match_thread,,"Youre **still** mixing it up. They were the dark horse for the 2016 Euros, not the world cup. There's an [article on it](https://www.si.com/soccer/video/2016/05/27/euro-2016s-dark-horse-iceland). Iceland were **nowhere** near good enough to be a dark horse for the WC, considering it was literally their first WC attendance ever. The other poster was correct in his sentiment of dark horses."
137,os2o5cx,analysis_thread,,Vini also bailed brazil out vs morocco
138,otf4080,daily_discussion,,"Tbf, he also brought in Rogers, Saka and Rashford and play improved"
139,otfbye0,daily_discussion,,"Other way around for me. I think that’s a pen in any other competition, but that’s never getting called in this world cup. Probably should’ve so I’ll call it a maybe, but it was a consistent call with the standard of contact they’re allowing this tournament. Now the (non) red card I just don’t understand. Pickford does not get even close to the ball, just tackles the forward."
140,ot7wu5s,transfer_thread,,His dream to play in the nemesio diez
141,ot7yagk,transfer_thread,,Clearly he means he wants to return to City and be Haaland’s backup again.
142,otf8dvx,daily_discussion,,That result was inevitable. Never seen so many happy English fans in the DD as the past week. Still fancy them to go very far.
143,orobdsn,match_thread,,Didn't even beat Costa Rica ffs
144,orkdkff,match_thread,,"Yeah, I saw Australia score twice and probably have the better chances outside of that. I saw Turkey have a lot of possession in unthreatening areas."
145,oryu2qv,analysis_thread,,"Brazil 4-4-2 is really bad, is has no attacking threat on the right and the midfield gets easily bypassed"
146,orkngsv,match_thread,,That they are clearly the best in the group.
147,otbs7rl,transfer_thread,,"Simeone's playing style has been in constant evolution since 2014, where you guys remain trapped. Only someone who does not watch this team will hold onto this opinion. &gt;Surprising that the squad was injury plagued when they sacrificed laliga mid-season. Not really sure what you're trying to say with this. They didn't 'sacrifice' the league mid-season, if anything the poor performances at the start of the season put us on the backfoot from the very beginning, that's not sacrifice, just a team that couldn't put the ball in the net. Then we regained composure and picked up points. We actually sacrificed the league in the last few months when they decided to focus on the CL semis and CDR final. Not sure what your point is with injuries, but they've been constant throughout the season - Baena injured after the first match of the season, followed by apendicitis, Almada, Cardoso and Barrios with constant injuries throughout the season (also starting very early on), Hancko, Giuliano and Alvarez all getting injuries around the CL quarters and semis...."
148,otf2scr,daily_discussion,,"Btw, Gordon stinks against low blocks in the Prem too, so I don't know what he would offer Barcelona against a proper La Liga low block"
149,ormbhtl,match_thread,,"What a clown response. And I will hold you to your words. Africa had 5 seats, now they are 9. Those 5 old seats required multiple stages of play; the new 9 spots require only 1 stage. ... Which means that no, you cannot compare the old situation to the new, and you cannot say that S.A. would have also qualified if it was still 32 teams."
150,oryq3mb,analysis_thread,,So history is nothing more than a cycle of events.
151,otfcoyo,daily_discussion,,"It’s a 50/50, they’ve both gone flying in and you can’t side with the attacker there unless keeper takes his head off or something. Konsa one was mental though"
152,ormd972,match_thread,,How bout you hold my nuts instead of my words too lol
153,orzx65y,analysis_thread,,"In England 2323 predates the 3223. This is why the sideback positions are called full backs and are numbered 2 and 3. You have 2 fullbacks, 3 halfbacks, 2 outside forwards/wingers, 2 inside forwards and 1 centreforwards Herbert Chapman dropped one of the 3 halfbacks in between the 2 fullbacks to change 2-3-5 to 3-2-5. Later another half back was dropped to form a back 4 and one of the inside forwards (8) was dropped into halfback position to form the 424."
154,otfc8m2,daily_discussion,,Unfortunately the world doesn't operate under flawless logic or Argentina would've been nuked beyond recognition 80 years ago
155,otf45dm,daily_discussion,,True. Usually the DD is safe from these people
156,orzy562,analysis_thread,,"Didnt we take the 424 from Hungarians actually? Their managers, like Bela Guttman, were even here to show us, I thought?"
157,oryowlo,analysis_thread,,Four-Four-fahking-Two and lob it to the big man.
158,ot82e82,transfer_thread,,Cause if they accepted and Perez paid it would be a big scandal within the fanbase
159,ot8el4e,transfer_thread,,He liked getting a fat salary bump for that though
160,otfafl1,daily_discussion,,My bad. Its Elephant and the castle 😆
161,otf4i88,daily_discussion,,Wtf is this bracket we might finish 1st and then face Morocco in the worst case scenario we might go out in the RO32 wtf man
162,otf3f60,daily_discussion,,"Weird, I actually think he is quite similar to Lampard."
163,otbvzpr,transfer_thread,,"Yeah I mentioned that in another comment, he's trying to focus more on attacking very very slowly. It's still lacking though, he still keeps his characteristic flaw of parking the bus when he gets a decent lead, like he's too scared of playing attacking football. Also, the league was lost in February more or less so you could've just rested your players and played the B-team since then. I doubt injuries are enough of an excuse to lose the CDR final, if the team is getting injured with so little pressure compared to EPL teams like Arsenal, who won against Atleti in the UCL, then maybe something needs to be changed in the medical area."
164,ork41f3,match_thread,,USA vs Australia is gonna be so good. 11 F-22s at full throttle vs 11 entrenched kangaroos on the beach
165,orndgx8,match_thread,,"It s not though, it s based on the players they have like Yildiz, Kadioglu and Guler and the nice 2024 performance. Else they would have been dark horses in the 2010s too. I personally thought they wont get very far and was mindful of this, saw it in the playoff against us (only 1-0 win with 2 chances per side) and Kosovo though I didn’t watch that game (also 1-0) but even I thought they will get 2nd and scrape a win vs Australia. To be fair Australia is also always a tough team but someone has to be bottom…"
166,otf4lhi,daily_discussion,,"Foden has always been smelly for England, the idea he was gonna come on tonight and do anything but be a black hole for possession is total fantasy."
167,otf7kz0,daily_discussion,,"Thing I'd be slightly scared about (especially in games like this) when it comes to playing him deeper and next to Rice is the Gerrard/Lampard conundrum - basically them being a surprisingly similar type of players with slightly different strengths, neither of whom really is that metronomic passer who's just happy sitting a bit deeper and moving the ball around safely to create openings. They both love a rush forward, they're both physical, they both can put their stamp on games in slightly different areas of the pitch, but their skillsets aren't really additive when playing next to each other. In a game like tonight that *might* help unlock Ghana, but it just as well might lead to being too open on the break and ultimately conceding. And rolling the dice like that in just the second group game doesn't strike me as a sensible decision, especially when the entire side isn't quite on it. Because for me that was the real problem with England tonight: It was all a bit ponderous, it lacked incisiveness, and I'm not sure you'll fix that with Bellingham/Rice at the base of midfield."
168,orylhse,analysis_thread,,"Just a thought, that I find it interesting when talking tactics we always go from defence forward e g 433 4231 442 etc, we never say 1324 244 334 feels super weird to say it that way."
169,orkab7u,match_thread,,what are your next picks please?
170,ot7wzm8,transfer_thread,,Another xitter crash out loading
171,otf4nbr,daily_discussion,,Zidane is one of the best passers of all time.
172,os0385m,analysis_thread,,"I read about it long long ago but its talked about decently often. I remember people like PVC, PC and even Parreira himself discussing the 424 as proof that Brasil was ahead of the curve not only on technical ability but also tactical thinking back in the day. Its said the 424 represented sort of a small revolution back then cause it forced teams to stop man marking and move to defending zones. It is said the formation was created in Brasil by some manager I dont actually recall. But thats the literature in Brasil, maybe the rest of the world sees it differently?"
173,orykoh9,analysis_thread,,It all comes back to the start and goes again
174,orynann,analysis_thread,,I didn't see much strategy or Formation in Brazil's last game.
175,ot7wgdi,transfer_thread,,I get the feeling he doesn't dream of playing Arteterror ball lol
176,otf66ya,daily_discussion,,"Genuinely hilarious how Konsa flew in on the Ghanaian forward. Looked a pen in real time, but refs have been letting things go, just have absolutely no clue how VAR clears that so quickly. Not sure if it was even checked"
177,otav5jj,transfer_thread,,"Oyarzabal is already 29 years old, has a €75m release clause and only seems to perform consistently for Spain. Kroupi has played just one season in the top division and his price tag is 80m, and Havertz is not consistent and wouldn't leave arsenal Cunha and Thuram are not barca level players The Bartomeu era failed because he signed the wrong profiles. Coutinho and Griezmann operated in the same areas as Messi while Dembele was constantly injured. There was no proper squad planning or profile balance. I would rather spend 130-140m on Alvarez then to signed any players that you mention"
178,ot96l9h,transfer_thread,,Then City re-upped with a younger more valuable player
179,otfe3wj,daily_discussion,,You sound mad bro It's 12:36am go to bed
180,os2e1ew,analysis_thread,,John Beck next Brazil manager.
181,otfkhrd,daily_discussion,,"So I’ve been amused by Kovacic’s boots for the past few months due to their generic PS2 era FIFA-ness. Today I learned they are Mizuno’s fully blacked out so as to not screw up his Puma contract. Also, apparently City bootmen did the blacking out and farmed out the stud replacement for a secondary pair for the World Cup which surprised me a bit as I assumed the national team would be in control of all of that. Though I suppose it benefits City to stay in Puma’s good graces."
182,orklaby,match_thread,,Ok fair but that doesn't excuse fielding your playmaker as a winger.
183,ornekbs,match_thread,,On paper Turkey are the better squad. It's like saying pundits are talking shit if Spain lose their opening game.
184,ot7x676,transfer_thread,,These clowns spent a week making fun of Barça btw
185,orkhnxy,match_thread,,Thanks! I need all the help I can get!
186,otfeqbd,daily_discussion,,Let the old man have his day in the sun
187,os01uv3,analysis_thread,,"Out of curiosity, what is the lore on the 424 over there in england? Here in Brasil it is stated that it was created here in the 50s as an answer to the WM, its the formation we used to win 58 and 62. It is said that adding another attacker + forming a more solid back 4 that enabled fullbacks to overlap like crazy not only created some imbalances for the back 3 used by the WM but also made it so that individual man marking (supposedly popular at the time) had a hard time defending. Is this how you guys learn about it in england? Curious to know!"
188,orkkyho,match_thread,,One of the teams to benefit from the 4 quarter system
189,orze1wr,analysis_thread,,"A lot of it depends on the players the team has. Talent is the biggest factor in how team plays. You can’t really play 3 atb if you have 3 slow CBs no matter how good they are. Can’t play overlapping wing backs if they are not good technically. Also if you have Xavi and Iniesta in your team, it would be stupid not to play compact possession football"
190,ot7ybp9,transfer_thread,,Probably tbh. Just to increase what Barca would have to pay.
191,otfhzbm,daily_discussion,,I hope everything at home is alright for you man
192,ork4fg2,match_thread,,It is always the same with turkiye
193,otf3ir9,daily_discussion,,"Only concern with the Ghana game is that Tuchel clearly wanted the win, with his aggressive substitutions and general vibe in the dugout. Southgate was happy to sit on a draw in the group stage when it guaranteed progression, it's mildly concerning when the manager wants the win but can't get it."
194,ork5xs4,match_thread,,Offense? Did you watch the game?
195,ot82slk,transfer_thread,,"Maybe, but without seeing the contract, we have no way of knowing. Why would you have a worthless clause in your contract?"
196,otf5qts,daily_discussion,,That game was crying out for Adam Wharton
197,otf91y7,daily_discussion,,What pub are the English fans singing at Boston tonight? Elephant in the Castle is quite empty.
198,otf98ui,daily_discussion,,"Not sure I'd describe Undav as inventive tbf, he's basically the fox in the box who pounces on half-chances with deadly precision - in much the same way Kane probably scores 8/10 chances on the volley he got there late on."
199,orlo9wr,match_thread,,"He had some poor shots sure but I thought he was solid enough with his playmaking. I don’t mean that he played a particularly good game for his standards, only that he was important for turkeys attacking plays"
200,orl15yr,match_thread,,"*""But I think that we dominate tomorrow, the game, because we have more qualities and a more talented team, so we will see tomorrow what happens.""* Well, we saw what happened"
201,orkv16e,match_thread,,"Yep, ""Friendship with Turkey"" is always a bad idea."
202,otblyq1,transfer_thread,,Surprising that the squad was injury plagued when they sacrificed laliga mid-season. Simeone's playing style has a clear ceiling.
203,ot8mfuj,transfer_thread,,Julian Alvarez wants to be inside of u bro
204,otfcnf9,daily_discussion,,They dont really have players for small spaces
205,otfev7q,daily_discussion,,"'the incorporation of the phrase into the language of football is often attributed to notorious referee Gulliver Wahl, who was legendary in the late nineteenth century for his maverick approach to officiating. Described by one contemporary as “perhaps six-and-a-half feet tall, with the temperament of a bear, the voice of an avalanche, and a moustache that could happily house a dragoon of Teutonic hussars, and their horses”, he terrorised players, fans, and occasionally equipment throughout a long and remarkable career. On one notable occasion Wahl dismissed two players for adopting “an inappropriately insouciant attitude” to kick-off, while on another, a particularly fraught corner ended with him booking the left-hand goalpost for obstruction. It is not difficult to imagine how the implacable, stony Mr Wahl might have inspired one local reporter to pluck an obscure word from a dusty shelf, brush it down, and send it back into the world, there to give expression to the outrage of generations to come' apparently Chaucer used it too but it is a bit olde english ...that is hilarious that he booked a goal post"
206,otbyuzh,transfer_thread,,"Not really. Barcelona is a completely different team. We already have a league winning team with Ferran. We know players like Julian and Gordon would not score a lot against the low blocks in the league, what we lacked this season was players that show up in the cl with a lot of space"
207,ot8ive9,transfer_thread,,Verbal agreements stalled Kanes career as well
208,orkm3jw,match_thread,,"Didn’t stay up for this but a nice result to wake up to. Get in Australia, sooner turkey and the booing cunts go out the better."
209,ot95m4r,transfer_thread,,Literally plays for the godfather of haramball lol but ok
210,otfb5o5,daily_discussion,,"Useless socially malfunctioning gooner Kier Starmer's government - 1 England World Cup win Essentially the prelude to top toffee Andy Burnham's government - 0 England World Cup wins Come back my toolmakers son, I thought you were going to bunker down and make them pry those compo world cup final tix from your cold dead hands."
211,orkur8b,match_thread,,Of course not.. it has become its own meme by now! 🤣 - All based on a one-off 24 years ago.
212,orki80u,match_thread,,"Not starting Yildiz and putting Arda on the wing? Never visit Istanbul again Vincenzo Montella , you might not have a good time"
213,orzk3ki,analysis_thread,,USA against Paraguay too. United States set up in a 3-2-4-1 or 3-1-3-3 in possession and picked them apart with off-ball movement.
214,ot7x5xk,transfer_thread,,Right. Not like they have agents to negotiate these things.
215,orl49ig,match_thread,,"oh feck I meant 2018, 2016 was when they did well in the Euro which was why they were tipped as dark horses in the WC. MB"
216,otfg7av,daily_discussion,,"It's probably just confirmation bias but I've seen like 5 instances in this tournament where a player from an underdog nation gets into the box with some space and just refuses to take a shot or make a cross, saw a panama player do it like 10 minutes ago, haiti were terrible about it too."
217,ot82awn,transfer_thread,,"And made fun of RM, only to have Bernardo Silva and Cucurella snatched away from them. It's all so embarrassing from Atleti"
218,otf3mug,daily_discussion,,He has the ability to be a pure 8 but wants to be Zidane.
219,otf4853,daily_discussion,,"He was good in the first game imo but people are clearly overrating him. The way propel talk about our midfield, you’d think it’s flawless"
220,oryxicw,analysis_thread,,"So his revolutionary “who needs a midfield?” strategy didn’t work out, huh? I, for one, am shocked"
221,ork4zd9,match_thread,,Lmao how did they do that
222,otf9aqn,daily_discussion,,Saka offered ten times more even in spite of the injury he is carrying
223,ork1ozb,match_thread,,"Mourinho must be watching this game with a twinkle in his eye and wishing for 1% of what Australia just did. First game I could watch since 2014 i could watch at a decent time ans have a beer without feeling either like an alcoholic or with a hangover and what a game it was. Beach hat off to you, that top bin finger tip save was not a fluke. Souttar = Mount kosciuszko. Vinicius Jr has Irankunda bedsheets and Jackson Irvine showing the world Australia has more culture on their top lip than in all their history. Soccer is coming home and it will be in a packed bus."
224,otf4zl0,daily_discussion,,"He won’t play in Real, he got 6 midfielders ahead of him"
225,otfka1z,daily_discussion,,How different would football be if there was no offside? Would you jsut have one striker standing in the box at all times?
226,otf5vik,daily_discussion,,Fyi Anthony Gordon was playing like that for the majority of the season. The lad is utter dogshite vs lowblocks and I'm so glad I don't have to watch him go against them next season.
227,ot7wrt1,transfer_thread,,"It's not specifically quoted in the article, and I personally didn't see the clip of him speaking. But the answer is clearly Amorim at Milan."
228,otfc2zl,daily_discussion,,We don't think the big teams are being favoured so far are we? Naaah.
229,orlmmmf,match_thread,,Arda stunk up the whole game
230,otfb1n4,daily_discussion,,"Which one would you take, who would you leave out, and how often would they *really* be of use? Because Gordon and Madueke are quite clearly important parts of the plan, and they'll both see plenty of playing time across the tournament. Would Foden or Palmer see more than an hour on the pitch, especially in games that actually matter? I don't see it - we can all sit here and claim the Ghana game would've ended differently if one of them was subbed on, but then that'd have been 30 minutes in a group stage game that didn't really matter, while they'd have been mostly useless/a human victory cigar in the knockouts, while Madueke/Gordon will have an impact there."
231,otaokcz,transfer_thread,,You don't wanna pay more than 100m then ferran will be our main striker next season. Be ready to suffer
232,os0s044,analysis_thread,,"Casemiro's up tick in form began with Amorim, not Carrick. Casemiro under EtH was bad, aside from the first few months. If Brazil wants to have a double pivot, then they have to be more connected and closer to the backline, with the other central midfielder able to support/drop back in defense. In the first half, Casemiro wasn't supported properly by Paqueta, who was all over the place, and Guimarães didn't know when to go forward, who to mark, when to drop back, etc. Morocco out thought Brazil and Don Carlo, but they then rectified their issues at halftime. Their shape was better, Fabinho was supported by two 8s playing more connected."
233,ot7x6o6,transfer_thread,,"Pep let go yaya toure, Samuel eto, Joe hart, Brahim Diaz, zlatan. Was that the same case? He left because he was too good to be on the bench and they had Haaland coming who’s better."
234,orkikeq,match_thread,,Yildiz had a slight knock tbf
235,otfkbui,daily_discussion,,r/worldcup is out jerking soccercirclejerk without even trying. Those guys don’t know how good they are at it without trying.
236,orkniw6,match_thread,,I didn’t say it did! Just addressed the Yildiz bit. Have a good day
237,otf60v9,daily_discussion,,Tuchel has clearly prioritised squad harmony as well as his system when picking the squad. Picking two players in Foden and Palmer (as well as Alexander-Arnold) who don’t fit into how he wants to play and think they should be starting every game isn’t conductive to either of those things.
238,otabzk5,transfer_thread,,"You clearly didn't watch the CDR final. We were shit for sure, but it wasn't 'cos we sat back. We did the exact opposite, we conceded in the 1st minute... we spent the whole time chasing that game. We lost because of poor finishing and bad defensive concentration. The funny thing is there are very valid criticisms you could make of Atleti's playstyle, but you obviously don't watch any matches, so you regurgitate the shit you heard 10 years ago."
239,ork9wi6,match_thread,,Anyone who knew anything about both countries would know this game was Australia’s to lose. Australia has grit and determination whereas Turkey has always been flashy and superficial in tournaments. Those that predicted turkey probably just based it off fifa ratings
240,oryvfm1,analysis_thread,,"Crouch up front, Huth in the back, Football as god intended"
241,otf5qym,daily_discussion,,"I play differently to players like J Henderson, was I deserving of a callup too"
242,otf3qgd,daily_discussion,,A lot of people from the US who aren’t into football usually are coming here is what I meant.
243,otfa2wz,daily_discussion,,You could see how pissed off Tuchel was at the end which is pretty good at least
244,ork6ksu,match_thread,,Try not being a racist dickhead
245,orkdg9f,match_thread,,Reaching the QF and losing tight to The Netherlands is hardly stinking it up
246,ot7ygz3,transfer_thread,,Mini crash out against Madrid too lol
247,ot7x3y0,transfer_thread,,Hes had some clutch moments but he’s no where near Kvara Raphinia Vini Dembele. I’d put him next to Foden Saka Rodrygo therefore +120m is overvalued in my opinion
248,orl5524,match_thread,,Massive upset. Hope we can keep it up against the yanks.
249,orkqvks,match_thread,,To see that an Arsenal fan is getting downvoted by other Arsenal fans.. is the most Arsenal thing one can possibly Arsenal.
250,ork2grk,match_thread,,Arda just because you scored one goal from the distance doesn’t mean you have to shoot every single ball you touch
251,otanyl0,transfer_thread,,Don't forget his agent who also got a big paycheck bcz of long term deal
252,otannef,transfer_thread,,They are so good at football but don't have common sense. I mean why would you agree on a 500m release clause with atletico if your dream is to play for barca. I am just a 20 year old guy with no experience about these things but i know how dumb this is but a pro player who also have a agent with years of experience signed a stupid contract without an option for exit at a reasonable price
253,ornecc9,match_thread,,To be fair 2021 was a massive stinker though and what convinced me to not buy into the hype (still had them 2nd and beating Iran in RO32 though) but not 2024
254,orz2qdg,analysis_thread,,Games back. Fuck those Pep tiki-taka gegenpress woke nonsense.
